StockCode,returned_units,return_rows,return_invoices
23843,80995.0,1,1
23166,74494.0,10,10
84016,20959.0,10,10
23005,19201.0,3,3
20852,18800.0,5,5
22126,16400.0,3,3
22197,11024.0,92,92
84347,10121.0,8,8
22759,9953.0,5,5
16235,9133.0,5,5
23003,9058.0,1,1
10120,9030.0,2,2
21088,7140.0,2,2
21096,7008.0,1,1
22752,6224.0,26,26
79323W,6054.0,128,126
M,5444.0,534,496
72140F,5368.0,1,1
16047,5251.0,3,3
18007,5234.0,2,2
84270,5151.0,9,9
85110,5074.0,4,4
22758,5018.0,4,4
37340,5014.0,5,5
22753,5012.0,2,2
22756,5012.0,2,2
22755,5012.0,2,2
22754,5012.0,2,2
47566B,5003.0,16,16
22757,5001.0,2,2
C3,4999.0,1,1
22558,4963.0,18,18
22528,4846.0,7,7
16046,4632.0,2,2
16045,4567.0,2,2
35015,4363.0,2,2
20713,4344.0,16,16
85160A,4341.0,2,2
85184D,4215.0,3,3
22433,4215.0,5,5
85123A,4085.0,136,136
16162L,3798.0,2,2
21392,3679.0,3,3
72024HC,3669.0,1,1
84670,3590.0,5,5
84598,3576.0,3,3
85175,3401.0,17,17
16259,3301.0,5,5
71477,3240.0,71,71
79000,3235.0,18,18
21108,3159.0,4,4
47504G,3142.0,3,3
85078,3141.0,3,3
21082,3131.0,3,3
37423,3089.0,3,3
79323LP,3084.0,62,61
D,3064.0,168,146
21900,3045.0,4,4
22138,2994.0,211,211
85160B,2981.0,4,4
16033,2959.0,6,6
47504F,2916.0,1,1
79323P,2914.0,88,88
23270,2886.0,2,2
22617,2843.0,68,68
85220,2789.0,3,3
21175,2753.0,14,14
21829,2618.0,7,7
85099B,2613.0,85,84
22604,2584.0,4,4
20971,2571.0,12,12
22639,2566.0,2,2
22638,2561.0,2,2
22640,2560.0,1,1
22641,2560.0,1,1
22642,2560.0,1,1
22643,2560.0,1,1
79323GR,2546.0,40,40
21393,2518.0,3,3
16053,2514.0,3,3
21830,2513.0,9,9
72732,2472.0,1,1
47587A,2421.0,3,3
17033,2396.0,3,3
23113,2386.0,7,7
23059,2376.0,1,1
17129D,2342.0,3,3
37424,2253.0,3,3
22467,2202.0,68,68
85172,2173.0,10,10
79323B,2046.0,53,53
85109,2038.0,3,3
40016,1960.0,3,3
84934,1943.0,4,4
15036,1929.0,16,16
72225C,1883.0,4,4
23343,1871.0,10,10
22618,1812.0,41,41
22423,1799.0,352,352
21135,1784.0,9,9
85036C,1757.0,5,5
22950,1709.0,7,7
84077,1704.0,11,11
20975,1692.0,14,14
21279,1639.0,6,6
79164,1583.0,8,8
21281,1578.0,3,3
22952,1552.0,6,6
85006,1534.0,11,11
22920,1527.0,2,2
82582,1526.0,11,11
16008,1510.0,1,1
21620,1505.0,3,3
22273,1500.0,10,9
20972,1497.0,10,10
79341,1488.0,26,25
22909,1470.0,13,13
23268,1452.0,2,2
22910,1448.0,18,18
15034,1448.0,6,6
23114,1443.0,3,3
23117,1441.0,2,2
23116,1440.0,1,1
23115,1440.0,1,1
23269,1440.0,1,1
21700,1437.0,8,8
84611B,1433.0,3,3
37370,1423.0,18,18
17038,1400.0,1,1
72232,1400.0,1,1
22351,1400.0,1,1
20668,1398.0,3,3
85099F,1375.0,27,27
22130,1373.0,10,10
37444A,1339.0,3,3
22333,1326.0,22,22
16043,1324.0,4,4
79342B,1316.0,6,6
85036B,1313.0,3,3
20728,1288.0,44,44
85221,1282.0,6,6
35610A,1277.0,1,1
21877,1276.0,24,24
21915,1274.0,16,16
21280,1248.0,1,1
21278,1235.0,5,5
21314,1228.0,68,66
17039,1227.0,1,1
10002,1226.0,8,8
20727,1211.0,45,45
17061,1198.0,1,1
22341,1196.0,9,9
84925D,1184.0,4,4
22578,1183.0,4,4
16044,1177.0,2,2
85222,1160.0,3,3
22670,1160.0,5,5
10123G,1142.0,2,2
47566,1135.0,25,25
84847,1133.0,2,2
85204,1132.0,2,2
72807C,1131.0,19,19
84929,1130.0,5,5
82494L,1123.0,44,43
35610C,1121.0,1,1
84879,1112.0,21,21
21212,1110.0,28,26
22895,1106.0,3,3
21982,1099.0,4,4
22740,1096.0,2,2
20829,1094.0,14,14
17021,1078.0,4,4
21791,1077.0,10,10
23084,1076.0,18,18
35956,1043.0,1,1
72038P,1040.0,2,2
35957,1039.0,3,3
21542,1036.0,8,8
21086,1029.0,6,6
22236,1022.0,49,49
85017C,1016.0,2,2
84990,1015.0,5,5
20726,1015.0,38,38
22178,1008.0,43,43
37444B,1003.0,3,3
47420,1000.0,1,1
15002,1000.0,1,1
21731,990.0,24,24
22147,984.0,14,14
82583,983.0,18,16
21749,979.0,9,9
72225D,978.0,2,2
16015,959.0,3,3
72807B,949.0,15,15
22734,934.0,6,6
20725,931.0,80,79
51008,925.0,8,8
79323S,920.0,24,24
79323G,916.0,27,27
22151,915.0,7,7
75049L,909.0,56,54
20956,905.0,6,6
21679,900.0,5,5
17013C,899.0,3,3
22945,888.0,8,7
21336,882.0,3,3
21871,881.0,26,26
84568,865.0,4,4
15056N,855.0,22,22
20715,855.0,2,2
22127,848.0,7,7
16050,843.0,1,1
37446,839.0,28,28
21622,838.0,19,19
84997C,833.0,11,11
23055,830.0,6,6
22784,811.0,33,33
11001,811.0,11,11
37471,807.0,3,3
21232,804.0,187,183
21481,802.0,15,15
72807A,801.0,13,13
37444C,798.0,3,3
23306,793.0,4,4
23056,789.0,8,8
84406B,781.0,16,16
21098,779.0,9,9
18010,772.0,2,2
84937,765.0,5,5
22150,764.0,9,9
21094,762.0,5,5
84978,761.0,52,52
22804,760.0,12,12
22030,755.0,4,4
22149,750.0,24,24
48185,749.0,9,9
72802B,748.0,12,12
21929,744.0,23,23
35954,744.0,3,3
22328,742.0,25,25
17003,740.0,6,6
84842,731.0,2,2
84755,729.0,28,28
21069,726.0,4,4
21133,724.0,2,2
23199,723.0,21,21
22102,721.0,2,2
17108D,719.0,2,2
23170,718.0,12,12
22992,716.0,8,8
22991,714.0,6,6
23057,713.0,7,7
21493,712.0,3,3
21704,702.0,7,7
21843,696.0,159,158
21166,682.0,18,18
22086,679.0,17,17
22564,679.0,5,5
22219,673.0,7,7
79030D,665.0,2,2
37479P,664.0,3,3
85017A,657.0,5,5
21080,653.0,11,11
90167,639.0,4,4
72802C,635.0,9,9
16161C,632.0,1,1
84493,632.0,2,2
21989,624.0,3,3
85216,618.0,5,5
71459,612.0,36,36
20974,612.0,6,6
21381,603.0,6,6
22080,602.0,5,5
85073,599.0,1,1
23201,594.0,14,14
21621,594.0,13,13
35160,590.0,1,1
23203,590.0,17,17
22959,588.0,7,7
22085,585.0,4,4
22356,582.0,27,27
21380,582.0,6,6
46000S,580.0,9,9
21134,580.0,3,3
21988,576.0,1,1
22435,573.0,5,5
82581,571.0,10,10
85232B,564.0,31,31
85106,562.0,2,2
16202B,561.0,6,6
35610B,541.0,1,1
84466,540.0,11,11
85060,538.0,7,7
22570,537.0,8,8
72586,536.0,2,2
22470,532.0,25,25
22469,532.0,21,21
84997D,531.0,12,12
21787,528.0,3,3
22083,528.0,13,13
21033,527.0,5,5
23167,525.0,9,9
72759,524.0,1,1
22139,523.0,53,53
10138,521.0,7,7
20663,521.0,3,3
85215,519.0,2,2
21733,519.0,36,36
20688,514.0,1,1
82482,513.0,31,31
84949,512.0,66,66
21967,512.0,1,1
85224,507.0,2,2
84971S,506.0,3,3
72045D,504.0,1,1
82600,501.0,8,8
21697,499.0,1,1
22090,497.0,12,12
21136,497.0,5,5
22335,495.0,11,11
84924F,494.0,2,2
85014C,492.0,3,3
22699,491.0,62,62
20712,490.0,19,19
21207,489.0,4,4
21499,484.0,3,3
22103,483.0,4,4
22386,482.0,25,25
21698,480.0,2,2
21735,479.0,41,40
20735,472.0,1,1
16049,471.0,2,2
20679,468.0,11,11
47505,461.0,9,9
72741,461.0,17,17
16168S,460.0,1,1
21498,459.0,4,4
22332,458.0,6,6
85218,454.0,2,2
20714,450.0,1,1
84946,450.0,46,46
23207,448.0,13,13
22961,444.0,15,14
21154,443.0,7,7
20729,442.0,4,4
22411,441.0,22,22
20914,440.0,85,85
22114,439.0,16,16
16169E,438.0,3,3
84927D,436.0,4,4
79030G,429.0,2,2
22569,429.0,6,6
22385,426.0,12,12
16202A,423.0,4,4
85152,422.0,10,10
21878,421.0,3,3
72756,421.0,3,3
16256C,419.0,3,3
22796,419.0,26,26
21902,418.0,6,6
85150,417.0,14,14
37410,416.0,3,3
20666,416.0,3,3
85061W,416.0,5,5
21231,414.0,75,73
82597,413.0,3,3
22561,410.0,11,11
84992,410.0,7,7
79030A,409.0,3,3
21768,408.0,6,6
22835,408.0,11,11
21439,408.0,1,1
84799,406.0,3,3
21642,404.0,16,16
21201,403.0,3,3
22577,401.0,3,3
72802A,401.0,12,12
21181,399.0,19,19
22719,398.0,15,15
75149N,395.0,2,2
22585,394.0,13,13
84614A,392.0,2,2
21931,390.0,34,34
46000M,390.0,7,7
20979,390.0,27,27
20952,388.0,3,3
84754,388.0,3,3
21918,386.0,10,10
21648,386.0,9,9
22568,382.0,10,10
90057,380.0,1,1
22271,379.0,9,9
16051,378.0,1,1
17027A,378.0,2,2
21702,377.0,1,1
84050,376.0,14,14
85112,376.0,2,2
16161M,375.0,2,2
82552,373.0,5,5
85226A,372.0,7,7
21391,371.0,3,3
21396,370.0,3,3
22303,366.0,29,29
84596G,365.0,1,1
21527,364.0,117,117
85104,363.0,3,3
20893,363.0,6,6
22191,362.0,24,24
84922,360.0,1,1
20711,356.0,14,14
20661,354.0,4,4
22302,354.0,11,11
20951,352.0,1,1
20866,350.0,2,2
84991,350.0,14,14
21696,350.0,4,4
22501,349.0,36,36
22489,348.0,8,8
21815,348.0,4,4
23090,347.0,2,2
22960,347.0,88,88
82551,346.0,6,6
21155,344.0,26,26
21868,343.0,31,31
21688,343.0,2,2
22944,343.0,4,4
85196,340.0,2,2
22070,339.0,12,12
22572,338.0,2,2
22659,337.0,22,22
85217,336.0,6,6
79321,336.0,23,23
85042,334.0,62,62
20670,333.0,4,4
84454,332.0,2,2
22534,329.0,6,6
23169,328.0,35,35
21210,328.0,11,11
22101,325.0,2,2
47568,324.0,8,8
84809B,324.0,1,1
35004B,323.0,26,25
21689,323.0,1,1
22198,323.0,64,64
22904,322.0,3,3
72487,322.0,1,1
20724,321.0,36,36
21591,321.0,3,3
21639,320.0,3,3
22903,320.0,2,2
47504K,318.0,7,7
22812,317.0,7,7
22084,317.0,6,6
84997A,316.0,7,7
47504E,316.0,2,2
22900,316.0,12,12
21671,314.0,21,21
15056P,313.0,9,9
85099C,313.0,26,26
35004S,311.0,9,9
84529A,311.0,2,2
22071,309.0,10,10
22035,309.0,4,4
22698,308.0,49,49
22168,308.0,34,34
82483,308.0,87,84
85049G,305.0,7,7
82599,305.0,5,5
84613A,303.0,3,3
22630,302.0,20,20
POST,302.0,228,226
21078,302.0,3,3
21987,301.0,4,4
85178,301.0,6,6
21833,300.0,11,11
85231L,300.0,2,2
47591C,300.0,1,1
20662,300.0,1,1
20733,300.0,1,1
22051,300.0,1,1
35004C,298.0,33,33
35970,297.0,9,9
84520D,296.0,3,3
21502,296.0,2,2
37330,296.0,4,4
82580,295.0,9,9
21928,295.0,24,24
22915,294.0,5,5
21578,292.0,5,5
18097C,292.0,2,2
21634,290.0,6,6
72739B,290.0,3,3
79191C,289.0,25,25
72739C,288.0,5,5
21811,288.0,2,2
21479,288.0,10,10
37450,288.0,29,29
22574,288.0,2,2
22481,288.0,1,1
22551,287.0,18,18
85185B,287.0,3,3
40001,285.0,12,12
22384,285.0,36,36
22199,283.0,7,7
37449,283.0,74,74
35643,283.0,2,2
22492,281.0,14,14
35400,280.0,46,46
21165,280.0,9,9
20977,280.0,7,7
21786,279.0,3,3
21558,278.0,10,10
84968B,278.0,3,3
10123C,278.0,4,4
16212,278.0,2,2
85199L,277.0,5,5
22922,276.0,6,6
22301,276.0,27,27
22087,275.0,14,14
22621,275.0,8,8
22297,275.0,6,6
16161P,275.0,2,2
22493,274.0,5,5
21051,273.0,4,4
22988,273.0,11,10
77081,273.0,3,3
20867,271.0,1,1
20730,271.0,4,4
21950,271.0,3,3
21535,270.0,50,50
22034,270.0,5,5
40003,269.0,9,9
22459,268.0,2,2
47503G,267.0,1,1
84968D,267.0,2,2
20753,266.0,3,3
47599A,265.0,4,4
21355,265.0,4,4
22300,263.0,21,21
23344,262.0,7,7
20984,262.0,4,4
85111,261.0,2,2
22791,260.0,13,13
22924,259.0,6,6
16156S,256.0,4,4
37422,256.0,3,3
84858B,254.0,2,2
21161,254.0,6,6
35001G,254.0,4,4
23155,253.0,15,15
22044,253.0,3,3
22382,253.0,20,20
22313,252.0,2,2
47503K,251.0,5,5
21981,251.0,4,4
22047,250.0,3,3
22464,250.0,26,26
20840,249.0,4,4
17165B,249.0,4,4
85118,248.0,13,13
85162A,246.0,5,5
85231E,246.0,2,2
21100,246.0,7,7
20758,245.0,3,3
35972,245.0,4,4
21351,245.0,6,6
16161E,245.0,1,1
84601A,244.0,3,3
72038B,244.0,1,1
22907,244.0,7,7
22077,243.0,16,16
23202,242.0,6,6
22897,242.0,6,6
84795D,241.0,2,2
22307,241.0,8,8
21670,241.0,10,10
22105,241.0,2,2
21820,240.0,4,4
23157,240.0,1,1
23284,240.0,8,8
22951,240.0,6,6
22078,239.0,4,4
22666,237.0,63,63
47556B,237.0,5,5
22588,236.0,4,4
21294,235.0,2,2
21644,233.0,5,5
79029,233.0,14,14
85025C,232.0,3,3
20871,232.0,3,3
22158,232.0,17,17
35611B,231.0,2,2
51014C,230.0,6,6
37327,230.0,3,3
90025C,230.0,1,1
21090,228.0,4,4
22027,228.0,7,7
21399,228.0,6,5
85230E,226.0,2,2
37464,226.0,3,3
21272,225.0,6,5
22554,225.0,10,10
21916,225.0,5,5
21496,225.0,2,2
21503,225.0,3,3
22595,224.0,2,2
22575,224.0,8,8
22902,224.0,3,3
21647,224.0,4,4
21891,222.0,15,15
85017B,222.0,3,3
85230F,222.0,2,2
21016,221.0,3,3
22042,221.0,3,3
84807,220.0,2,2
21330,220.0,3,3
84380,219.0,9,9
22173,219.0,13,13
21977,219.0,11,11
21937,219.0,15,15
22896,218.0,3,3
22304,218.0,6,6
22720,218.0,75,75
22306,217.0,5,5
22111,217.0,15,15
22156,217.0,27,27
22963,215.0,13,13
22834,215.0,8,8
35983,215.0,2,2
90085,213.0,3,3
47591D,213.0,6,6
15056BL,213.0,12,12
21192,212.0,2,2
22217,211.0,4,4
85198,211.0,2,2
22305,211.0,6,6
47567B,211.0,9,9
21614,211.0,6,6
22058,210.0,5,5
22336,208.0,3,3
21655,208.0,7,7
22418,208.0,10,10
35832,208.0,4,4
20821,208.0,4,4
84692,207.0,8,8
21035,207.0,5,5
47591B,207.0,1,1
16258B,207.0,1,1
47599B,206.0,4,4
20798,206.0,17,16
84854,206.0,4,4
21482,205.0,3,3
84711A,205.0,1,1
35924,205.0,11,11
17109B,205.0,1,1
84945,204.0,33,33
51014L,204.0,4,4
84877D,204.0,2,2
22154,204.0,14,14
21790,203.0,13,12
21914,203.0,7,7
21169,202.0,12,12
21147,202.0,3,3
85047,202.0,44,44
82613A,202.0,3,3
90096,202.0,2,2
22189,201.0,16,16
84195,201.0,1,1
17014A,201.0,2,2
16169C,200.0,1,1
17129F,200.0,4,4
35955,200.0,1,1
35071,200.0,1,1
20760,200.0,2,2
23210,200.0,4,4
16156N,200.0,1,1
22866,199.0,8,8
21112,198.0,3,3
35958,198.0,1,1
84800L,197.0,3,3
22348,197.0,7,7
22584,197.0,5,5
16169F,196.0,1,1
84927E,196.0,3,3
85214,196.0,1,1
20966,195.0,4,4
51014A,195.0,4,4
21041,194.0,8,8
21810,194.0,3,3
20856,193.0,4,4
21980,192.0,6,6
21504,192.0,3,3
21625,191.0,1,1
21973,191.0,3,3
23205,191.0,8,8
79163,191.0,6,6
21729,190.0,1,1
22339,190.0,8,7
84613C,190.0,2,2
22152,190.0,5,5
84919,189.0,7,7
22383,188.0,32,32
47590A,188.0,9,9
22923,188.0,7,7
22502,187.0,18,18
22360,187.0,39,39
72529W,187.0,5,4
20723,187.0,23,23
22837,187.0,5,5
20681,186.0,17,17
22865,186.0,15,15
21099,186.0,4,4
23204,186.0,8,8
35607B,186.0,3,3
84535A,185.0,3,3
35968,185.0,5,5
84596E,185.0,3,3
22962,185.0,22,22
22355,185.0,31,31
21974,185.0,12,12
21586,184.0,5,5
22697,184.0,58,58
23004,184.0,4,4
18096C,183.0,3,3
20759,182.0,2,2
22983,181.0,3,3
21539,181.0,50,50
84341B,181.0,2,2
22867,181.0,8,8
22491,180.0,3,3
22694,180.0,8,8
22285,179.0,3,3
37353,179.0,1,1
22892,178.0,22,22
22245,178.0,9,9
84818,177.0,10,10
22998,177.0,11,11
37467,177.0,1,1
37503,176.0,14,14
22560,175.0,4,4
21593,175.0,2,2
84249A,175.0,2,2
16169D,174.0,2,2
45016,172.0,3,3
44230,172.0,5,5
20830,172.0,5,5
21703,171.0,9,9
20937,170.0,1,1
84569C,170.0,4,4
21121,170.0,9,9
20826,169.0,2,2
85190,169.0,2,2
22163,169.0,6,6
84078A,169.0,22,22
22413,169.0,7,7
21017,168.0,2,2
23318,168.0,7,7
22667,168.0,39,39
85230B,168.0,1,1
79067,168.0,10,10
22652,167.0,12,12
21172,167.0,9,9
22153,166.0,5,5
82553,166.0,2,2
85049C,166.0,4,4
18098C,164.0,2,2
72803A,164.0,5,5
90005A,164.0,1,1
84559B,162.0,2,2
84612B,162.0,1,1
84691,161.0,4,4
84396,161.0,2,2
20757,160.0,1,1
21682,160.0,3,3
20756,159.0,2,2
35951,159.0,2,2
20913,159.0,1,1
21102,158.0,2,2
20832,158.0,4,4
21313,158.0,15,15
21190,157.0,3,3
21637,157.0,2,2
21110,157.0,4,4
20738,156.0,2,2
47590B,156.0,12,12
22112,156.0,13,13
22933,156.0,2,2
22272,156.0,3,3
84763,155.0,2,2
85049F,155.0,3,3
21163,155.0,4,4
22171,155.0,33,33
21429,155.0,21,21
21770,155.0,7,7
21889,155.0,13,13
84925F,154.0,2,2
21888,154.0,11,11
21214,154.0,2,2
22579,154.0,3,3
21901,153.0,5,5
84859C,153.0,1,1
21430,152.0,23,23
22363,152.0,13,13
21699,152.0,1,1
22956,152.0,3,3
21543,152.0,1,1
23300,152.0,7,7
85071A,152.0,2,2
72755D,152.0,2,2
22533,152.0,3,3
20772,151.0,3,3
22898,151.0,2,2
21890,150.0,7,7
21009,150.0,4,4
90092,150.0,3,2
21258,150.0,43,43
84801A,150.0,2,2
22050,150.0,3,3
22052,150.0,4,4
21384,150.0,1,1
21027,150.0,2,2
21238,149.0,22,22
22268,149.0,9,9
21402,148.0,2,2
37365Y,148.0,1,1
72800A,148.0,1,1
84279P,148.0,20,20
22838,147.0,22,22
85170A,147.0,4,4
84993B,147.0,2,2
21785,147.0,2,2
20934,147.0,10,10
22202,146.0,14,14
20820,146.0,2,2
37448,146.0,27,27
21841,146.0,3,3
17010S,146.0,1,1
20969,145.0,2,2
22465,145.0,17,17
90162A,145.0,1,1
85231K,145.0,1,1
22187,145.0,15,15
21463,144.0,29,29
20775,144.0,3,3
21984,144.0,5,5
21541,144.0,4,4
22818,144.0,5,5
21311,144.0,3,3
22593,144.0,1,1
85019C,144.0,3,3
22609,144.0,4,4
23228,144.0,1,1
21537,144.0,14,14
21673,143.0,9,9
21653,143.0,4,4
21255,143.0,3,3
22691,143.0,3,3
84798B,143.0,3,3
22692,143.0,3,3
82578,143.0,3,3
20879,143.0,3,3
21936,143.0,24,24
21869,142.0,6,6
21174,142.0,4,4
37495,142.0,33,33
84375,142.0,7,7
21672,142.0,9,9
85174,141.0,10,10
21472,141.0,2,2
23071,141.0,5,5
17109D,141.0,2,2
22522,141.0,3,3
22969,140.0,8,8
21171,140.0,2,2
22738,140.0,3,3
84944,140.0,6,6
21809,140.0,1,1
20671,139.0,2,2
21743,139.0,6,6
47559B,138.0,7,7
35838B,137.0,1,1
22449,137.0,3,3
84029E,137.0,13,13
20676,137.0,13,13
22064,137.0,39,38
21669,137.0,14,14
21353,136.0,1,1
20719,135.0,17,17
21668,135.0,14,14
84750A,135.0,10,10
22181,134.0,5,5
20991,134.0,1,1
47570,134.0,2,2
21892,134.0,12,12
84971L,134.0,3,3
85189,134.0,6,6
22776,134.0,51,51
22637,134.0,31,31
23200,134.0,6,6
85132B,134.0,3,3
22614,133.0,6,6
21431,133.0,4,4
85231G,132.0,3,3
22113,132.0,7,7
21935,131.0,4,4
90037D,131.0,2,2
22536,131.0,2,2
22451,131.0,5,5
85232D,131.0,8,8
22461,130.0,33,33
21818,130.0,1,1
22739,130.0,2,2
22033,130.0,2,2
84192,130.0,1,1
37482B,130.0,1,1
85223,129.0,1,1
22456,129.0,53,53
21713,128.0,20,19
84809A,128.0,2,2
72755C,128.0,3,3
23002,128.0,8,8
46000R,128.0,2,2
85049D,128.0,3,3
84800M,127.0,2,2
82615,127.0,3,3
21824,127.0,2,2
72351B,127.0,7,7
22170,126.0,29,29
21747,126.0,3,3
22024,126.0,5,5
22990,126.0,11,11
15059A,126.0,1,1
84452,126.0,3,3
22710,125.0,5,5
20717,125.0,5,5
22049,125.0,2,2
84970S,125.0,14,14
84804A,125.0,1,1
84802B,125.0,1,1
85226B,125.0,1,1
22444,124.0,10,10
23175,124.0,12,12
22635,124.0,26,25
21610,124.0,2,2
84559D,124.0,4,4
23159,124.0,4,4
85195,124.0,3,3
21904,124.0,3,3
21823,124.0,3,3
85135B,123.0,5,5
22155,123.0,4,4
21870,123.0,19,19
84247L,123.0,2,2
20700,123.0,3,3
47347B,122.0,1,1
37342,122.0,4,4
23581,122.0,4,4
23072,122.0,3,3
22457,122.0,32,32
21257,121.0,16,16
21160,121.0,5,5
23582,121.0,3,3
85219,121.0,2,2
85132C,121.0,7,7
23250,121.0,8,8
21007,121.0,1,1
37350,121.0,1,1
22106,121.0,2,2
20748,120.0,1,1
85074,120.0,1,1
84571,120.0,1,1
22535,120.0,3,3
84826,120.0,2,2
22948,120.0,3,3
22037,120.0,2,2
84012,120.0,1,1
23215,120.0,1,1
20960,120.0,2,2
20987,120.0,2,2
22932,120.0,2,2
35271S,120.0,2,2
22632,119.0,13,13
21388,119.0,1,1
35631A,119.0,1,1
21447,119.0,3,3
90190B,118.0,1,1
84534B,118.0,5,5
16254,118.0,3,3
35605A,117.0,1,1
23243,117.0,35,35
21159,117.0,4,4
37379A,116.0,3,3
20968,116.0,1,1
85090,116.0,4,4
21519,116.0,4,4
22162,116.0,6,6
23319,116.0,6,6
82585,115.0,3,3
84741C,115.0,2,2
35993,115.0,1,1
21736,114.0,2,2
20993,114.0,1,1
22146,114.0,5,5
22088,114.0,6,6
23301,114.0,11,11
20803,114.0,4,4
22061,114.0,64,63
20658,114.0,4,4
22028,114.0,5,5
22417,114.0,5,5
20694,114.0,2,2
22499,113.0,4,4
72818,113.0,4,4
20827,113.0,2,2
37399,113.0,1,1
85130A,113.0,2,2
16169P,111.0,3,3
22583,111.0,6,6
84855,111.0,2,2
23298,110.0,12,12
22036,110.0,3,3
16216,110.0,3,2
22242,110.0,11,11
22364,110.0,29,29
22775,110.0,5,5
20938,109.0,1,1
22571,109.0,3,3
22673,109.0,3,3
85066,109.0,57,57
84997B,109.0,7,7
22646,109.0,33,32
21658,109.0,55,55
22169,109.0,36,36
71028B,109.0,1,1
35001W,108.0,8,8
21490,108.0,6,6
22121,108.0,5,5
22142,108.0,7,7
16054,108.0,1,1
21985,108.0,3,3
84569A,108.0,3,3
22714,108.0,4,4
21320,108.0,10,10
22556,107.0,19,19
72754D,107.0,2,2
20865,107.0,3,3
21203,107.0,3,3
22294,107.0,7,7
84675,107.0,3,3
84912B,107.0,2,2
20906,107.0,2,2
22095,107.0,7,7
22644,107.0,19,19
22231,107.0,18,18
85064,106.0,6,6
72226D,106.0,1,1
72024U,106.0,1,1
21385,106.0,4,4
84950,106.0,11,10
22174,106.0,3,3
22244,106.0,17,17
84858A,106.0,2,2
23032,106.0,12,12
20823,106.0,2,2
20825,106.0,4,4
84247E,106.0,8,8
22057,105.0,12,12
82486,105.0,44,44
22523,105.0,4,4
22045,105.0,5,5
21445,105.0,3,3
85186B,105.0,1,1
17109C,105.0,3,3
22164,104.0,3,3
84849D,104.0,4,4
21426,104.0,10,10
20686,103.0,8,8
22908,103.0,5,5
84989B,103.0,2,2
22520,103.0,3,3
35471A,103.0,4,4
23322,103.0,11,11
23172,102.0,9,9
23165,102.0,18,18
72008,102.0,3,3
22591,102.0,14,14
21326,102.0,11,11
84836,102.0,9,9
84625C,102.0,9,9
85132A,102.0,6,6
21246,102.0,6,6
21067,102.0,6,6
10133,102.0,3,3
21690,101.0,1,1
22143,101.0,4,4
22521,101.0,3,3
21724,101.0,2,2
20958,101.0,2,2
35950,101.0,1,1
22243,101.0,15,15
22450,101.0,5,5
35607A,100.0,1,1
22389,100.0,1,1
22073,100.0,29,29
23187,99.0,5,5
85142,99.0,2,2
21244,98.0,10,10
21907,98.0,5,5
21424,98.0,10,10
72051S,98.0,3,3
S,98.0,98,34
85185D,98.0,2,2
84804B,97.0,2,2
84508A,97.0,5,5
84927A,97.0,6,6
23171,97.0,5,5
21187,97.0,1,1
35976B,97.0,3,3
20967,97.0,4,4
20854,97.0,4,4
21158,97.0,3,3
22398,96.0,6,5
17014C,96.0,1,1
23109,96.0,1,1
84007,96.0,2,2
84459A,96.0,5,5
22930,96.0,1,1
20665,96.0,7,7
21651,96.0,2,2
22157,96.0,2,2
84805B,96.0,1,1
22553,96.0,10,10
84805A,96.0,1,1
23355,96.0,8,8
23351,96.0,3,3
21849,96.0,1,1
17084G,95.0,1,1
21975,95.0,4,4
22107,95.0,12,12
35609A,95.0,2,2
21217,95.0,30,30
84718,95.0,1,1
22338,95.0,5,5
84535B,95.0,2,2
37352,94.0,2,2
21248,94.0,4,4
21428,94.0,10,10
21701,94.0,2,2
85188B,94.0,2,2
21619,94.0,1,1
21432,94.0,12,12
84802A,94.0,2,2
22634,94.0,53,53
21071,94.0,5,5
21318,94.0,13,13
85035A,93.0,8,8
21076,93.0,2,2
84378,93.0,9,9
84688,93.0,9,9
37482P,93.0,1,1
20716,93.0,3,3
85048,93.0,50,50
84251F,92.0,2,2
85034A,92.0,6,6
22094,92.0,8,8
21789,92.0,5,5
22180,92.0,32,32
22633,92.0,10,10
82613B,92.0,3,3
62094B,92.0,1,1
20685,91.0,12,12
85232A,91.0,17,17
21241,91.0,2,2
72817,91.0,2,2
85053,91.0,18,18
22979,91.0,5,5
21014,91.0,2,2
22544,91.0,2,2
21873,91.0,4,4
22427,91.0,22,22
16237,91.0,3,3
22148,90.0,8,8
84029G,90.0,10,10
82587,90.0,3,3
23245,90.0,37,37
DCGSSBOY,90.0,1,1
21173,90.0,2,2
21068,89.0,8,8
21340,89.0,16,16
21213,89.0,3,3
22810,89.0,4,4
23307,88.0,5,5
22689,88.0,3,3
22550,88.0,8,8
22596,88.0,10,10
62096A,88.0,1,1
23256,88.0,8,8
23174,88.0,17,17
22161,88.0,2,2
21817,88.0,2,2
85206A,87.0,5,5
22607,87.0,10,10
37333,87.0,2,2
37461,87.0,3,3
47502,87.0,9,9
84751B,87.0,4,4
22645,87.0,16,16
72771B,87.0,1,1
21693,87.0,1,1
77101A,87.0,1,1
22487,86.0,38,38
17012A,86.0,1,1
22145,86.0,3,3
21804,86.0,2,2
71279,86.0,9,9
21179,86.0,3,3
21256,86.0,1,1
16215,86.0,1,1
20891,85.0,1,1
21876,85.0,16,15
20855,85.0,3,3
21781,85.0,21,21
22207,85.0,6,6
84743C,85.0,3,3
22792,85.0,2,2
85036A,84.0,3,3
21162,84.0,2,2
23225,84.0,4,4
16162M,84.0,1,1
22727,84.0,33,32
72789,84.0,3,3
35966,84.0,2,2
21898,83.0,1,1
47504J,83.0,4,4
85179B,83.0,2,2
22606,83.0,18,18
21440,83.0,3,3
85063,82.0,39,39
35979,82.0,3,3
72814,82.0,3,3
21056,82.0,4,4
20940,82.0,3,3
72023F,82.0,2,2
21652,82.0,5,5
90209C,81.0,4,4
22778,81.0,21,21
22980,81.0,6,6
71406B,81.0,1,1
23288,81.0,5,5
21719,81.0,1,1
22361,81.0,29,29
35648,81.0,4,4
84469,80.0,1,1
22128,80.0,4,4
84976,80.0,3,3
84770,80.0,9,9
20839,80.0,1,1
21692,80.0,3,3
21533,80.0,32,32
85193S,80.0,1,1
23348,80.0,9,9
21826,80.0,8,8
35810A,79.0,2,2
23064,79.0,11,11
20672,79.0,1,1
21218,79.0,27,27
20981,79.0,7,7
35840,79.0,2,2
22098,79.0,7,7
84422,79.0,3,3
22623,79.0,9,9
17084J,79.0,1,1
21259,78.0,18,18
85103,78.0,6,6
22582,78.0,4,4
21153,78.0,4,4
84032B,78.0,8,8
22586,78.0,3,3
23006,78.0,5,5
22997,78.0,8,8
22851,78.0,4,4
85136A,78.0,2,2
21486,78.0,2,2
22109,78.0,18,18
79336,77.0,2,2
35809B,77.0,2,2
22319,77.0,8,8
20652,77.0,2,2
22942,77.0,13,13
23275,77.0,4,4
84279B,77.0,11,11
20787,77.0,3,3
85135C,76.0,4,4
BANK CHARGES,76.0,66,62
22452,76.0,4,4
21348,76.0,6,6
85129A,76.0,3,3
22968,76.0,15,15
72740B,76.0,1,1
16255,76.0,1,1
22525,76.0,5,5
22524,76.0,4,4
37447,76.0,29,29
21912,76.0,3,3
72760B,76.0,7,7
22276,76.0,7,7
21319,76.0,5,5
84913A,75.0,1,1
21144,75.0,2,2
22978,75.0,12,12
22439,75.0,5,5
21198,75.0,3,3
85098B,75.0,8,8
21390,75.0,4,4
35818B,75.0,2,2
35630B,75.0,1,1
21684,75.0,3,3
16161U,75.0,3,3
16169G,75.0,1,1
23230,75.0,3,3
85023B,74.0,3,3
21004,74.0,2,2
22274,74.0,8,8
22941,74.0,26,26
82567,74.0,2,2
20824,74.0,1,1
20863,74.0,3,3
22232,74.0,8,8
21801,74.0,2,2
21788,73.0,6,6
21122,73.0,4,4
23035,73.0,3,3
21532,73.0,9,9
85049B,73.0,1,1
85117,73.0,2,2
21156,73.0,16,16
23208,73.0,4,4
84520B,73.0,2,2
22936,72.0,1,1
47570B,72.0,2,2
22616,72.0,3,3
23120,72.0,2,2
22326,72.0,26,26
22935,72.0,1,1
44217M,72.0,2,2
21955,72.0,6,6
17012B,72.0,2,2
84212,72.0,1,1
22649,72.0,42,42
22254,72.0,7,7
84251B,72.0,2,2
84467,72.0,3,3
84657,72.0,1,1
22943,72.0,18,18
22693,72.0,2,2
21324,72.0,4,4
21875,71.0,10,10
72084B,71.0,1,1
20731,71.0,2,2
20862,71.0,2,2
22629,71.0,14,14
84569D,71.0,2,2
85197,71.0,2,2
85162C,71.0,2,2
21010,71.0,2,2
20886,71.0,2,2
20961,71.0,2,2
85044,71.0,6,6
84985A,71.0,2,2
84497,71.0,1,1
20941,71.0,6,6
22548,70.0,1,1
85084,70.0,3,3
22342,70.0,6,6
21529,70.0,6,6
84548,70.0,1,1
35978,70.0,2,2
22726,70.0,26,24
48173C,70.0,6,6
84987,70.0,6,6
15058B,70.0,6,6
22186,70.0,8,8
21714,70.0,11,11
22700,70.0,5,5
84792,69.0,8,8
84224,69.0,1,1
21397,69.0,2,2
22966,69.0,4,4
22665,69.0,19,19
84482,69.0,4,4
22993,68.0,9,9
71053,68.0,19,19
85125,68.0,2,2
85119,68.0,5,5
84970L,68.0,4,4
22662,68.0,10,10
22347,68.0,1,1
18094C,68.0,2,2
37345,68.0,1,1
22557,68.0,9,9
37379B,67.0,2,2
35949,67.0,1,1
35645,67.0,1,1
22218,67.0,13,13
82607C,67.0,1,1
72772,67.0,1,1
23131,67.0,4,4
85065,67.0,11,11
21807,67.0,4,4
21899,67.0,5,5
22379,67.0,8,8
22668,67.0,6,6
20659,67.0,1,1
21291,67.0,5,5
20692,66.0,3,3
72234,66.0,1,1
84746,66.0,1,1
22482,66.0,1,1
85040B,66.0,9,9
35096B,66.0,1,1
35594,66.0,3,3
21491,66.0,6,6
22352,65.0,18,18
90185B,65.0,6,6
72801E,65.0,2,2
22059,65.0,21,21
23494,65.0,11,11
20669,65.0,2,2
22458,65.0,1,1
20703,65.0,16,16
21927,65.0,12,12
22939,64.0,3,3
21530,64.0,10,10
23108,64.0,18,18
20857,64.0,4,4
23198,64.0,14,14
84614C,64.0,2,2
85200,64.0,3,3
85206B,64.0,4,4
84988,64.0,3,3
16169H,64.0,1,1
84686,64.0,4,4
21845,64.0,11,11
40018F,64.0,5,5
22580,64.0,7,7
23309,64.0,4,4
22330,63.0,2,2
21018,63.0,1,1
22893,63.0,6,6
22766,63.0,20,20
22926,63.0,7,7
85192S,63.0,1,1
23083,63.0,3,3
22125,63.0,3,3
47574A,63.0,2,2
35815P,63.0,1,1
22567,63.0,11,11
21667,62.0,15,15
72754A,62.0,1,1
15060B,62.0,8,8
72750B,62.0,4,4
21383,62.0,5,5
22744,62.0,4,4
22445,62.0,1,1
22295,62.0,5,5
22215,62.0,30,30
22233,62.0,9,9
21934,61.0,2,2
84340,61.0,1,1
22358,61.0,13,13
72816,61.0,3,3
22089,61.0,2,2
22079,61.0,5,5
23154,61.0,3,3
22043,61.0,3,3
72781,61.0,3,3
22253,61.0,1,1
90110,61.0,1,1
21664,61.0,4,4
35973,61.0,1,1
84625D,61.0,5,5
85080,61.0,1,1
84902,61.0,2,2
22906,61.0,2,2
22622,61.0,6,6
17011A,61.0,1,1
21260,61.0,7,7
22377,60.0,5,5
85113,60.0,1,1
85231A,60.0,1,1
21752,60.0,7,7
22029,60.0,2,2
22938,60.0,4,4
21626,60.0,12,12
85096,60.0,2,2
85129C,60.0,2,2
71431,60.0,1,1
23077,60.0,3,3
21143,60.0,7,7
23118,60.0,19,19
21506,60.0,4,4
23158,60.0,3,3
21114,60.0,5,5
23212,60.0,3,3
90191,60.0,1,1
82607A,60.0,8,8
84439B,60.0,1,1
17109A,60.0,1,1
20943,60.0,2,2
23354,60.0,3,3
79072,59.0,10,10
35908C,59.0,1,1
84352,59.0,7,7
21422,59.0,3,3
23206,59.0,13,13
22847,59.0,37,37
84876B,59.0,1,1
84625B,59.0,2,2
21587,59.0,2,2
22927,59.0,9,9
21395,58.0,5,5
82607E,58.0,4,4
23221,58.0,4,3
84917,58.0,2,2
85167A,58.0,2,2
22082,58.0,5,5
35965,58.0,3,3
35824C,58.0,1,1
21312,58.0,4,4
23251,58.0,5,5
20878,58.0,1,1
20684,58.0,7,7
22468,58.0,6,6
21746,58.0,9,9
22730,58.0,14,14
20718,58.0,9,9
22725,57.0,16,15
21825,57.0,3,3
90102,57.0,1,1
79023B,57.0,1,1
21394,57.0,5,5
16151A,57.0,2,2
22712,57.0,5,5
22722,57.0,14,14
44228,57.0,2,2
22299,57.0,5,5
20682,57.0,19,19
DCGSLGIRL,57.0,1,1
21777,56.0,11,11
72750A,56.0,2,2
23028,56.0,4,4
84676,56.0,11,11
17013E,56.0,1,1
21623,56.0,13,13
21618,56.0,2,2
51020B,55.0,3,3
20892,55.0,10,10
22091,55.0,4,4
23249,55.0,7,7
22258,55.0,3,3
35969,55.0,2,2
46000U,55.0,2,2
21437,55.0,4,4
90108,55.0,2,2
21040,55.0,3,3
22669,55.0,2,2
84969,55.0,6,6
85033G,55.0,4,4
21976,55.0,4,4
21827,55.0,2,2
84926C,55.0,3,3
23163,55.0,2,2
82484,55.0,25,25
84760L,54.0,1,1
84899F,54.0,2,2
85136B,54.0,4,4
84841,54.0,1,1
84625A,54.0,5,5
84447,54.0,1,1
82577,54.0,1,1
48116,54.0,4,4
72127,54.0,2,2
23168,54.0,18,18
79328,54.0,2,2
45008C,53.0,2,2
22728,53.0,18,17
21043,53.0,3,3
85016,53.0,3,3
84766,53.0,5,5
84908B,53.0,1,1
20752,53.0,5,5
22426,53.0,9,9
84499,53.0,3,3
84584,53.0,2,2
21839,53.0,3,3
84839,53.0,12,12
84623,53.0,2,2
84536B,52.0,3,3
84250M,52.0,2,2
22602,52.0,3,3
21349,52.0,3,3
22797,52.0,17,17
22393,52.0,3,3
47021G,52.0,1,1
22229,52.0,7,7
23462,52.0,13,13
20973,52.0,5,5
21335,52.0,7,7
35241,52.0,7,7
35603C,52.0,1,1
21239,52.0,9,9
84748,52.0,1,1
84840,52.0,4,4
22798,52.0,22,22
22894,52.0,2,2
84578,52.0,1,1
21896,52.0,6,6
23173,52.0,13,13
37343,52.0,2,2
21726,52.0,2,2
21718,52.0,5,5
21612,52.0,2,2
22654,52.0,25,25
84684,52.0,2,2
22806,52.0,2,2
72799F,51.0,2,2
21484,51.0,4,4
90185D,51.0,3,3
22220,51.0,27,27
90171,51.0,1,1
90194,51.0,1,1
23287,51.0,2,2
23232,51.0,3,3
48138,51.0,13,13
47598,51.0,3,3
79140,51.0,3,3
22055,51.0,19,19
23110,51.0,28,28
22367,51.0,13,13
84641,51.0,1,1
21202,51.0,3,3
22890,51.0,26,26
22856,51.0,3,3
22781,51.0,15,15
22429,51.0,22,22
22741,51.0,3,3
85049A,51.0,6,6
22494,51.0,13,13
21717,51.0,3,3
85136C,51.0,4,4
90010B,51.0,2,2
20897,50.0,4,4
21488,50.0,1,1
90195A,50.0,3,3
90188,50.0,1,1
72801G,50.0,2,2
21646,50.0,1,1
22406,50.0,4,4
21167,50.0,1,1
90087,50.0,2,2
21446,50.0,1,1
21146,50.0,3,3
20989,50.0,2,2
17084F,50.0,1,1
84450B,50.0,1,1
85126,50.0,7,7
35793,50.0,1,1
23240,50.0,17,17
22706,50.0,2,2
22711,50.0,2,2
21469,50.0,3,3
90112,50.0,2,2
21109,50.0,2,2
21583,50.0,1,1
72709,50.0,1,1
22704,50.0,2,2
23146,50.0,22,22
22488,49.0,17,17
22211,49.0,2,2
21204,49.0,2,2
47422,49.0,3,3
22995,49.0,3,3
22072,49.0,25,25
22263,49.0,1,1
21124,49.0,3,3
22362,49.0,13,13
84798A,49.0,2,2
84680,49.0,3,3
85211,49.0,6,6
21589,49.0,3,3
23286,49.0,3,3
22545,49.0,2,2
21641,49.0,1,1
21333,49.0,11,11
84458,48.0,2,2
23078,48.0,2,2
21137,48.0,8,8
84596B,48.0,3,3
21123,48.0,2,2
21285,48.0,3,3
22857,48.0,1,1
21983,48.0,2,2
22809,48.0,5,5
23226,48.0,1,1
90107,48.0,1,1
17014B,48.0,1,1
85230G,48.0,1,1
21844,48.0,25,25
21755,48.0,14,13
22353,48.0,7,7
21540,48.0,11,11
16219,48.0,1,1
22291,48.0,2,2
23267,48.0,1,1
22325,48.0,16,16
23029,48.0,9,9
22357,48.0,18,18
22816,48.0,2,2
21357,48.0,1,1
21284,48.0,3,3
17096,48.0,2,2
20802,48.0,4,4
75131,48.0,1,1
90088,48.0,3,3
21199,48.0,1,1
22093,48.0,2,2
22537,48.0,1,1
21307,48.0,2,2
22530,48.0,2,2
21611,48.0,3,3
20804,48.0,1,1
47351B,48.0,1,1
15058A,47.0,7,7
85054,47.0,6,6
22144,47.0,5,5
21288,47.0,3,3
22946,47.0,15,15
16202E,47.0,2,2
23433,47.0,3,3
17011C,47.0,1,1
23263,47.0,5,5
21412,47.0,4,4
22286,47.0,1,1
84389,47.0,1,1
21613,47.0,1,1
22424,47.0,26,26
22854,46.0,7,7
21332,46.0,6,6
51012L,46.0,2,2
23247,46.0,5,5
21865,46.0,2,2
21609,46.0,1,1
22625,46.0,22,22
21808,46.0,5,4
84989A,46.0,4,4
35923,46.0,4,4
84615,46.0,2,2
21730,46.0,22,21
84782B,46.0,1,1
71143,46.0,3,3
20620,46.0,2,2
84715,46.0,2,2
21275,46.0,10,10
72752D,46.0,1,1
22192,45.0,19,19
17013B,45.0,1,1
17013A,45.0,1,1
84875A,45.0,2,2
23176,45.0,10,10
22421,45.0,5,5
72606A,45.0,2,2
22255,45.0,5,5
84546,45.0,1,1
84595B,45.0,1,1
21240,45.0,7,7
22777,45.0,7,7
72815,45.0,5,5
22230,45.0,8,8
22196,45.0,10,10
22065,45.0,15,15
22380,45.0,8,8
35980C,45.0,2,2
22636,45.0,24,24
23144,44.0,3,3
22653,44.0,4,4
84029C,44.0,1,1
20985,44.0,6,6
37493D,44.0,1,1
84750B,44.0,6,6
22193,44.0,19,19
35817P,44.0,1,1
72754B,44.0,1,1
84801B,44.0,1,1
85186C,44.0,2,2
21092,44.0,3,3
22440,44.0,4,4
84908A,44.0,2,2
85040A,44.0,17,17
20683,44.0,1,1
21548,44.0,5,5
45007B,43.0,1,1
20935,43.0,2,2
35649,43.0,1,1
72740A,43.0,1,1
84678,43.0,5,5
79071A,43.0,1,1
22060,43.0,14,14
21452,43.0,19,19
35915C,43.0,1,1
22608,43.0,2,2
35833G,43.0,1,1
71101A,43.0,1,1
84817,43.0,7,7
84581,43.0,2,2
20660,43.0,1,1
84877A,43.0,2,2
21585,43.0,1,1
85159A,43.0,8,8
22688,42.0,1,1
21283,42.0,3,3
90025B,42.0,1,1
84796B,42.0,2,2
21832,42.0,5,5
22343,42.0,2,2
16169N,42.0,1,1
21242,42.0,6,6
84721,42.0,1,1
21208,42.0,5,5
22041,42.0,5,5
22655,42.0,12,12
21632,42.0,2,2
22025,42.0,2,2
21215,42.0,1,1
10134,41.0,3,3
21645,41.0,5,5
47503A,41.0,3,3
22687,41.0,1,1
21000,41.0,1,1
22081,41.0,3,3
21364,41.0,3,3
79302M,41.0,2,2
20783,41.0,5,5
21450,41.0,2,2
20888,41.0,1,1
22587,41.0,1,1
84665,41.0,6,6
84932A,41.0,2,2
21638,41.0,2,2
85129D,41.0,2,2
21793,40.0,1,1
16052,40.0,2,2
20898,40.0,3,3
16020C,40.0,3,3
21448,40.0,1,1
84249D,40.0,3,3
22212,40.0,15,15
37490D,40.0,1,1
22555,40.0,8,8
21687,40.0,2,2
21894,40.0,1,1
84706E,40.0,1,1
20618,40.0,1,1
22737,40.0,2,2
35638A,40.0,1,1
20773,40.0,4,4
84450A,40.0,2,2
21723,40.0,1,1
85144,40.0,3,3
22767,40.0,20,20
84837,40.0,2,2
20675,40.0,9,9
16240,40.0,1,1
23209,40.0,11,11
47589,40.0,8,8
17014F,40.0,2,2
85159B,39.0,14,14
17011E,39.0,1,1
22412,39.0,2,2
21906,39.0,9,9
21754,39.0,20,20
23321,39.0,4,4
85185E,39.0,2,2
21911,39.0,2,2
37492A,39.0,2,2
21683,39.0,2,2
22656,39.0,15,15
84968E,39.0,2,2
22359,39.0,14,14
22275,39.0,5,5
22466,39.0,6,6
23000,39.0,4,4
85028S,39.0,3,3
22940,39.0,7,7
20751,38.0,4,4
21803,38.0,1,1
84032A,38.0,5,5
84952C,38.0,1,1
90002E,38.0,3,3
84569B,38.0,3,3
84925A,38.0,1,1
23358,38.0,2,2
84536A,38.0,2,2
21582,38.0,1,1
21321,38.0,4,4
22768,38.0,27,27
21363,38.0,10,10
84630,38.0,1,1
21627,38.0,3,3
22965,38.0,5,5
84010,38.0,1,1
21553,38.0,3,3
90173,38.0,3,3
85081,38.0,1,1
22167,38.0,17,16
84533B,38.0,1,1
21209,37.0,7,7
85166A,37.0,2,2
21216,37.0,18,18
21323,37.0,2,2
84782A,37.0,8,8
17011B,37.0,2,2
22801,37.0,21,21
20889,37.0,1,1
90200C,37.0,3,3
22408,37.0,2,2
22176,37.0,5,5
22891,37.0,24,24
22650,37.0,7,7
21531,37.0,21,21
79338,37.0,1,1
37493B,37.0,1,1
23194,37.0,8,8
22430,37.0,9,9
90027A,37.0,1,1
90090,37.0,3,2
21247,37.0,2,2
84947,37.0,12,12
22279,37.0,2,2
22862,37.0,3,3
22718,36.0,3,3
84681,36.0,1,1
21850,36.0,1,1
23302,36.0,5,5
85086A,36.0,2,2
21485,36.0,12,12
84828,36.0,2,2
85035B,36.0,1,1
23380,36.0,2,2
23119,36.0,2,2
84575B,36.0,1,1
22349,36.0,11,11
21705,36.0,6,6
17181,36.0,2,2
84519D,36.0,1,1
90058A,36.0,1,1
35933,36.0,2,2
35603B,36.0,2,2
84255B,36.0,2,2
35600D,36.0,1,1
35763,36.0,1,1
90058B,36.0,1,1
85017D,36.0,1,1
22610,36.0,1,1
37493C,36.0,1,1
90116,36.0,2,2
22631,36.0,8,8
22407,36.0,1,1
85030,36.0,4,4
22576,36.0,2,2
21677,36.0,3,3
22228,35.0,7,7
21188,35.0,2,2
84631,35.0,5,5
23324,35.0,2,2
21734,35.0,5,5
21872,35.0,5,5
84796A,35.0,1,1
21478,35.0,2,2
22729,35.0,19,18
21300,35.0,4,4
21303,35.0,7,7
47503H,35.0,3,3
37492D,35.0,2,2
75172,35.0,1,1
22179,35.0,11,11
85183B,35.0,3,3
47503E,35.0,2,2
20883,35.0,1,1
21352,34.0,5,5
84932C,34.0,2,2
84977,34.0,1,1
23075,34.0,6,6
84968A,34.0,4,4
85124A,34.0,4,4
84948,34.0,3,3
21691,34.0,1,1
20877,34.0,1,1
21359,34.0,5,5
21932,34.0,4,4
22046,34.0,2,2
22731,34.0,2,2
35632A,34.0,1,1
84531A,34.0,1,1
22972,34.0,8,8
21116,34.0,2,2
21636,34.0,2,2
22663,34.0,3,3
22409,34.0,7,7
85027L,34.0,3,3
35922,34.0,2,2
84226,34.0,1,1
20895,34.0,1,1
90185C,34.0,8,8
20903,34.0,2,2
15058C,34.0,3,3
90203,34.0,2,2
17160,34.0,1,1
21559,34.0,19,19
23347,34.0,3,3
79190A,34.0,3,3
22454,34.0,3,3
72351A,34.0,5,5
22597,34.0,2,2
84622,34.0,2,2
90180A,33.0,2,2
22519,33.0,4,4
22177,33.0,11,11
84966A,33.0,2,2
20617,33.0,1,1
84247N,33.0,3,3
35962,33.0,2,2
21020,33.0,1,1
35811A,33.0,2,2
16202C,33.0,2,2
20754,33.0,6,6
85092,33.0,2,2
21715,33.0,2,2
22227,33.0,6,6
85194L,33.0,5,5
21361,33.0,15,15
23395,33.0,6,6
90065A,33.0,2,2
35631B,33.0,2,2
21282,33.0,3,3
85086B,33.0,1,1
23048,33.0,5,5
AMAZONFEE,33.0,33,33
23252,33.0,7,7
23112,33.0,19,19
84782C,33.0,6,6
23236,33.0,17,17
22474,32.0,1,1
35916C,32.0,1,1
62095B,32.0,1,1
21054,32.0,2,2
20801,32.0,2,2
22021,32.0,2,2
90011B,32.0,1,1
84313B,32.0,1,1
21545,32.0,3,3
21528,32.0,23,23
22859,32.0,6,6
84510F,32.0,3,3
17084A,32.0,1,1
20851,32.0,2,2
84803A,32.0,2,2
23293,32.0,5,5
79191B,32.0,5,5
21908,32.0,4,4
23412,32.0,2,2
72697A,32.0,1,1
72715,32.0,2,2
22323,32.0,5,5
84916,32.0,1,1
72780,32.0,2,2
21489,32.0,3,3
90185A,32.0,4,4
22415,31.0,1,1
84459B,31.0,2,2
84455,31.0,1,1
21549,31.0,5,5
21518,31.0,1,1
21556,31.0,5,5
84609,31.0,2,2
72753D,31.0,3,3
35937,31.0,1,1
35537,31.0,2,2
21360,31.0,3,3
37477C,31.0,1,1
21425,31.0,8,8
ADJUST,31.0,31,31
21195,31.0,2,2
22184,31.0,13,13
20983,31.0,5,5
84797B,31.0,4,4
84845C,31.0,4,4
21097,31.0,2,2
85227,30.0,3,3
21536,30.0,8,8
85116,30.0,2,2
20828,30.0,5,5
35992,30.0,1,1
20818,30.0,1,1
90002C,30.0,2,2
22680,30.0,2,2
37479B,30.0,1,1
22994,30.0,6,6
22771,30.0,4,4
22381,30.0,10,10
20890,30.0,1,1
84762A,30.0,5,5
20701,30.0,2,2
23152,30.0,4,4
17129C,30.0,1,1
21680,30.0,1,1
90095,30.0,2,2
21389,30.0,6,6
84816,30.0,9,9
22518,30.0,1,1
20870,30.0,2,2
20693,30.0,3,3
23022,30.0,2,2
48187,30.0,7,7
84920,30.0,2,2
79142,30.0,1,1
21438,30.0,2,2
84760S,30.0,1,1
21706,30.0,5,5
84522,30.0,1,1
17013D,30.0,3,3
21814,30.0,1,1
20774,30.0,4,4
85085A,30.0,1,1
21070,30.0,2,2
84925C,29.0,1,1
23404,29.0,14,14
90026A,29.0,1,1
37476,29.0,3,3
85161,29.0,4,4
20982,29.0,6,6
84867A,29.0,1,1
22329,29.0,4,4
85014D,29.0,1,1
84877B,29.0,2,2
22848,29.0,11,11
85194S,29.0,3,3
20845,29.0,1,1
21874,29.0,12,12
84910A,29.0,2,2
84765,29.0,3,3
21480,29.0,2,2
22844,29.0,9,9
22840,29.0,21,21
22366,29.0,4,4
21298,29.0,8,8
90111,29.0,1,1
90100,29.0,2,2
21127,29.0,2,2
71038,29.0,9,9
84444C,29.0,1,1
85050,29.0,1,1
85028L,29.0,4,4
21895,29.0,3,3
21534,29.0,21,21
21837,29.0,3,3
84508B,29.0,2,2
21665,28.0,1,1
35900,28.0,1,1
90210D,28.0,1,1
37351,28.0,1,1
23103,28.0,3,3
21034,28.0,9,9
21200,28.0,1,1
20814,28.0,3,2
35591T,28.0,2,2
35085E,28.0,2,2
22209,28.0,3,3
84251J,28.0,1,1
22675,28.0,4,4
22925,28.0,6,6
22022,28.0,1,1
23082,28.0,6,6
21038,28.0,3,3
48189,28.0,2,2
23076,28.0,2,2
15044B,28.0,2,2
22846,28.0,19,19
22296,28.0,4,4
23239,28.0,9,9
79329,28.0,2,2
21910,28.0,2,2
47592A,28.0,1,1
16236,28.0,1,1
37501,28.0,9,9
21650,28.0,2,2
22331,28.0,7,7
22600,28.0,3,3
84872A,28.0,3,3
22774,28.0,4,4
20858,28.0,1,1
85049E,28.0,4,4
15039,27.0,4,4
84306,27.0,2,2
84985B,27.0,1,1
21584,27.0,3,3
84856L,27.0,1,1
84031A,27.0,4,4
90093,27.0,2,2
85035C,27.0,2,2
84795A,27.0,1,1
22627,27.0,15,15
22628,27.0,14,14
23242,27.0,3,3
22436,27.0,3,3
23296,27.0,6,6
85188A,27.0,2,2
22312,27.0,3,3
20965,27.0,1,1
21554,27.0,3,3
21846,27.0,3,3
84899E,27.0,2,2
23135,27.0,1,1
20931,27.0,9,9
84907,27.0,7,7
21744,27.0,2,2
21922,27.0,5,5
21552,27.0,4,4
82011C,27.0,1,1
SP1002,27.0,1,1
90128C,27.0,1,1
20904,27.0,1,1
21341,27.0,1,1
21897,27.0,3,3
35918B,26.0,4,4
20680,26.0,1,1
21615,26.0,1,1
22779,26.0,7,7
22308,26.0,2,2
20800,26.0,1,1
16243A,26.0,1,1
45013,26.0,2,2
20988,26.0,1,1
20944,26.0,1,1
84898F,26.0,2,2
22284,26.0,4,4
22508,26.0,8,8
21926,26.0,3,3
84031B,26.0,2,2
22957,26.0,4,4
90019C,26.0,1,1
82076,26.0,1,1
21590,26.0,2,2
22460,26.0,9,9
22270,26.0,7,7
22795,26.0,7,7
20994,26.0,1,1
22996,26.0,4,4
20980,26.0,3,3
22624,26.0,15,15
22309,26.0,2,2
23297,26.0,4,4
35824P,26.0,1,1
21414,26.0,3,3
21812,26.0,4,4
22290,26.0,2,2
85121B,26.0,7,7
22136,26.0,4,4
22039,25.0,1,1
16169K,25.0,1,1
90065B,25.0,1,1
22705,25.0,1,1
46137D,25.0,1,1
90115,25.0,1,1
21417,25.0,2,2
21495,25.0,1,1
20860,25.0,3,3
85033S,25.0,3,3
21893,25.0,2,2
22400,25.0,2,2
21588,25.0,3,3
21866,25.0,3,3
23233,25.0,1,1
21019,25.0,1,1
35941,25.0,1,1
17091F,25.0,1,1
22986,25.0,1,1
35940,25.0,1,1
37452A,25.0,1,1
22208,25.0,3,3
22425,25.0,5,5
21778,25.0,1,1
48194,25.0,7,7
21773,25.0,3,3
21780,25.0,1,1
90018C,25.0,2,2
84660A,25.0,4,4
84558A,25.0,1,1
21185,25.0,4,4
23197,25.0,7,7
22780,25.0,8,8
20799,25.0,4,4
84857C,25.0,2,2
21624,25.0,3,3
85167B,25.0,2,2
22709,25.0,1,1
22048,25.0,1,1
21228,25.0,2,2
84918,25.0,2,2
22708,25.0,1,1
22269,25.0,10,10
22135,24.0,2,2
21784,24.0,8,8
16011,24.0,1,1
22507,24.0,13,13
23111,24.0,16,16
85199S,24.0,1,1
22647,24.0,4,4
72752C,24.0,1,1
84599,24.0,1,1
21942,24.0,2,2
81950B,24.0,2,2
23392,24.0,1,1
22480,24.0,1,1
21986,24.0,1,1
22123,24.0,2,2
21177,24.0,1,1
85202,24.0,1,1
22422,24.0,1,1
21059,24.0,3,3
35953,24.0,1,1
84367,24.0,1,1
20836,24.0,2,2
22599,24.0,1,1
85120,24.0,1,1
21880,24.0,2,2
47469,24.0,1,1
22686,24.0,2,2
35833P,24.0,1,1
23211,24.0,1,1
21084,24.0,1,1
85135A,24.0,6,6
90035C,24.0,1,1
23222,24.0,2,2
84951A,24.0,1,1
85019B,24.0,1,1
22399,24.0,3,3
85019A,24.0,1,1
22973,24.0,6,6
21377,24.0,1,1
22292,24.0,1,1
23041,24.0,1,1
35650,24.0,1,1
84865,24.0,2,2
23156,24.0,2,2
22293,24.0,1,1
23406,24.0,3,3
22989,24.0,4,4
21544,24.0,3,3
21592,24.0,1,1
21276,24.0,4,4
22601,24.0,4,4
21507,24.0,2,2
21509,24.0,2,2
23376,24.0,1,1
22099,24.0,3,3
84926F,24.0,1,1
23350,24.0,2,2
22982,24.0,2,2
84509F,24.0,2,2
23353,24.0,2,2
23349,24.0,2,2
47594B,23.0,13,13
16161N,23.0,1,1
21643,23.0,4,4
85089,23.0,1,1
47594A,23.0,11,11
21316,23.0,4,4
16169A,23.0,1,1
84682,23.0,5,5
35975A,23.0,1,1
21477,23.0,8,8
79026B,23.0,2,2
85034C,23.0,6,6
21266,23.0,1,1
48129,23.0,4,4
22769,23.0,9,9
84849A,23.0,3,3
22320,23.0,10,10
35471B,23.0,1,1
90117,23.0,1,1
22736,23.0,3,3
46126A,23.0,1,1
72753B,23.0,1,1
72799B,23.0,1,1
35936,23.0,1,1
21011,23.0,2,2
84531B,23.0,1,1
72755B,23.0,1,1
18097A,23.0,1,1
47016,23.0,1,1
16201C,23.0,1,1
84311,22.0,1,1
20882,22.0,1,1
20786,22.0,4,4
21267,22.0,1,1
72598,22.0,1,1
22327,22.0,10,10
21118,22.0,1,1
21164,22.0,5,5
17012C,22.0,1,1
22823,22.0,1,1
82613C,22.0,2,2
21649,22.0,3,3
72801C,22.0,2,2
22497,22.0,3,3
84508C,22.0,2,2
23091,22.0,5,5
72798C,22.0,2,2
22054,22.0,5,5
21224,22.0,3,3
35608A,22.0,1,1
22503,22.0,6,6
23483,22.0,4,4
84597C,22.0,3,3
21193,22.0,1,1
21661,22.0,5,5
85208,22.0,1,1
22967,22.0,4,4
22224,22.0,6,6
84597B,22.0,3,3
47597,22.0,1,1
21309,22.0,2,2
85037,21.0,1,1
21337,21.0,1,1
84200,21.0,1,1
21662,21.0,5,5
21205,21.0,5,4
21933,21.0,7,7
84706B,21.0,3,3
84596L,21.0,1,1
21656,21.0,2,2
84537B,21.0,2,2
21917,21.0,6,6
84660C,21.0,1,1
22278,21.0,12,12
72796A,21.0,2,2
23393,21.0,6,6
18098A,21.0,1,1
79160,21.0,12,12
21838,21.0,1,1
35608C,21.0,1,1
84510A,21.0,3,3
21407,21.0,3,3
90082D,21.0,2,2
23400,21.0,2,2
90109,21.0,1,1
72751C,21.0,2,2
84440B,21.0,1,1
47580,21.0,4,4
23292,21.0,6,6
75013B,21.0,2,2
22248,21.0,3,3
35916A,21.0,1,1
35916B,21.0,1,1
35821B,21.0,1,1
21464,21.0,10,10
21792,21.0,7,7
21269,21.0,2,2
85018D,21.0,2,2
21157,21.0,2,2
72752B,21.0,1,1
21813,21.0,4,4
35839,21.0,1,1
21197,21.0,1,1
23661,20.0,4,4
21842,20.0,1,1
21836,20.0,3,3
85129B,20.0,1,1
22713,20.0,2,2
23445,20.0,1,1
84555A,20.0,2,2
16201A,20.0,2,2
21024,20.0,1,1
22733,20.0,1,1
20896,20.0,2,2
21663,20.0,8,8
23480,20.0,2,2
90172,20.0,1,1
21635,20.0,2,2
20750,20.0,9,9
22863,20.0,3,3
82613D,20.0,1,1
23031,20.0,9,9
23045,20.0,1,1
21581,20.0,2,2
85067,20.0,13,13
84356,20.0,3,3
21864,20.0,1,1
23254,20.0,8,8
84968F,20.0,1,1
22067,20.0,12,12
23193,20.0,6,6
84876C,20.0,2,2
72751D,20.0,1,1
22453,20.0,4,4
21329,20.0,2,2
84494B,20.0,1,1
21289,20.0,2,2
84608,20.0,2,2
21077,20.0,1,1
22974,20.0,7,7
22165,20.0,7,7
22318,20.0,7,7
84402C,20.0,1,1
23177,20.0,5,5
22842,20.0,15,15
84901,20.0,1,1
20885,20.0,2,2
16210,20.0,1,1
21265,20.0,3,3
85205A,19.0,1,1
21659,19.0,5,5
22195,19.0,5,5
21008,19.0,1,1
85008,19.0,4,4
22505,19.0,12,12
21745,19.0,3,3
22056,19.0,2,2
22334,19.0,3,3
22097,19.0,3,3
22807,19.0,3,3
46775D,19.0,6,6
22194,19.0,7,7
21563,19.0,9,9
21306,19.0,2,2
47361,19.0,1,1
72800D,19.0,2,2
85114C,19.0,2,2
20778,19.0,4,4
22841,19.0,14,14
21387,19.0,1,1
84761,19.0,2,2
47503J,19.0,3,3
20695,19.0,3,3
20777,19.0,3,3
22251,19.0,4,4
22354,19.0,4,4
20861,19.0,1,1
90099,19.0,1,1
22509,19.0,5,5
21085,19.0,2,2
20793,19.0,3,3
90038B,19.0,1,1
37494A,19.0,4,4
22120,19.0,7,7
20794,18.0,4,4
22241,18.0,5,5
21459,18.0,5,5
20784,18.0,3,3
35925,18.0,1,1
84313A,18.0,1,1
21042,18.0,10,10
22283,18.0,7,7
22281,18.0,4,4
90012A,18.0,1,1
21347,18.0,2,2
84638,18.0,1,1
84685,18.0,4,4
23485,18.0,13,13
21925,18.0,5,5
84773,18.0,3,3
37477D,18.0,2,2
79320,18.0,11,11
84791,18.0,3,3
23325,18.0,3,3
22762,18.0,7,7
21130,18.0,2,2
22096,18.0,2,2
20978,18.0,2,2
84875B,18.0,1,1
22808,18.0,1,1
85141,18.0,6,6
84880,18.0,6,6
37492B,18.0,6,6
20864,18.0,3,3
37508,18.0,2,2
22442,18.0,13,13
22434,18.0,2,2
72752A,18.0,1,1
84932D,18.0,2,2
85014B,18.0,12,12
22371,18.0,13,13
22589,18.0,1,1
22116,18.0,2,2
90120D,18.0,1,1
22949,18.0,3,3
21182,18.0,1,1
22129,18.0,1,1
17011F,18.0,1,1
85087,18.0,3,3
22431,18.0,5,5
22432,18.0,4,4
22345,18.0,1,1
21757,18.0,1,1
84689,17.0,4,4
23382,17.0,3,3
90084,17.0,2,2
21290,17.0,1,1
35816B,17.0,1,1
90040D,17.0,1,1
22483,17.0,5,5
35810B,17.0,3,3
35604B,17.0,1,1
22262,17.0,3,3
21455,17.0,2,2
35948,17.0,1,1
84248B,17.0,1,1
35971,17.0,2,2
20689,17.0,2,2
20976,17.0,1,1
84873A,17.0,1,1
21225,17.0,1,1
35980B,17.0,1,1
22672,17.0,4,4
21579,17.0,5,5
23237,17.0,10,10
79192A,17.0,2,2
22748,17.0,4,4
84925E,17.0,1,1
40018E,17.0,1,1
46775B,17.0,1,1
85121C,17.0,2,2
21322,17.0,1,1
20939,17.0,1,1
84921,17.0,1,1
84932B,17.0,2,2
20932,17.0,6,6
85091,17.0,1,1
72129,17.0,1,1
90128D,17.0,1,1
84893,17.0,1,1
22849,16.0,9,9
22855,16.0,2,2
22843,16.0,14,14
23374,16.0,3,3
21292,16.0,1,1
84664,16.0,4,4
23431,16.0,3,3
40002,16.0,2,2
72793,16.0,3,3
21858,16.0,3,3
22620,16.0,4,4
79190B,16.0,2,2
21249,16.0,3,3
20699,16.0,1,1
20710,16.0,1,1
84596F,16.0,1,1
84616,16.0,5,5
23372,16.0,1,1
37445C,16.0,1,1
23367,16.0,1,1
21254,16.0,2,2
21903,16.0,4,4
23238,16.0,8,8
84795C,16.0,4,4
20822,16.0,2,2
21577,16.0,5,5
21274,16.0,3,3
20816,16.0,2,2
84597A,16.0,1,1
22701,16.0,5,5
23526,16.0,2,2
23660,16.0,4,4
22141,16.0,4,4
21039,16.0,4,4
22661,16.0,6,6
22260,16.0,2,2
48179,16.0,1,1
48111,16.0,3,3
CRUK,16.0,16,16
90192,16.0,2,2
90200E,16.0,5,5
DCGSLBOY,16.0,1,1
20950,16.0,1,1
22131,16.0,4,4
22971,16.0,5,5
21763,16.0,5,5
72131,16.0,1,1
47581A,16.0,1,1
47565,16.0,1,1
22970,16.0,3,3
23086,16.0,1,1
22850,16.0,3,2
47343A,16.0,1,1
22437,16.0,2,2
21243,16.0,2,2
47421,16.0,1,1
47344B,16.0,1,1
17165D,16.0,4,4
85164B,16.0,3,3
23126,16.0,6,6
46775E,16.0,1,1
22800,16.0,9,9
20657,16.0,1,1
44241C,16.0,2,2
85007,16.0,2,2
85176,16.0,4,4
23234,16.0,5,5
22821,16.0,2,2
84876D,16.0,3,3
22063,16.0,10,10
21427,16.0,8,8
84909A,15.0,3,3
23147,15.0,6,6
90003B,15.0,3,3
37408,15.0,1,1
21343,15.0,3,3
37487B,15.0,2,2
37452B,15.0,1,1
23436,15.0,2,2
84600A,15.0,1,1
84663A,15.0,5,5
84030E,15.0,5,5
22210,15.0,3,3
84575A,15.0,2,2
22203,15.0,11,11
84250H,15.0,1,1
16119,15.0,1,1
90025D,15.0,1,1
35837,15.0,1,1
84797A,15.0,1,1
23311,15.0,4,4
22322,15.0,3,3
21686,15.0,3,3
22772,15.0,3,3
85180A,15.0,3,3
21113,15.0,1,1
22839,15.0,11,11
20674,15.0,3,3
23087,15.0,1,1
47480,15.0,2,2
23397,15.0,6,6
84709A,15.0,1,1
37474,15.0,1,1
16245A,15.0,2,2
23265,15.0,2,2
90164A,15.0,1,1
22947,15.0,11,11
21382,15.0,2,2
22860,15.0,2,2
47579,15.0,3,3
21474,15.0,6,6
21125,15.0,4,4
72785A,15.0,2,2
22378,15.0,6,6
22428,15.0,7,7
23089,15.0,7,7
21299,14.0,5,5
23408,14.0,3,3
79403,14.0,2,2
79337,14.0,2,2
37462B,14.0,2,2
21514,14.0,1,1
90196A,14.0,2,2
62097B,14.0,2,2
22674,14.0,3,3
35920,14.0,2,2
84405A,14.0,2,2
84387A,14.0,1,1
21547,14.0,2,2
22486,14.0,7,7
35597A,14.0,1,1
84529C,14.0,1,1
84706F,14.0,2,2
84563A,14.0,2,2
84511,14.0,1,1
22204,14.0,5,5
84532B,14.0,2,2
22605,14.0,13,13
23235,14.0,7,7
21416,14.0,1,1
84726,14.0,1,1
37489B,14.0,1,1
20996,14.0,1,1
20653,14.0,1,1
23224,14.0,2,2
85166B,14.0,1,1
72803B,14.0,3,3
22068,14.0,3,3
20677,14.0,3,3
85147,14.0,2,2
85131A,14.0,4,4
84849C,14.0,1,1
84814A,14.0,1,1
85124C,14.0,3,3
21126,14.0,2,2
23182,14.0,6,6
23188,14.0,3,3
23079,14.0,7,7
21819,14.0,1,1
23066,14.0,2,2
23026,14.0,2,2
22845,14.0,9,9
17164D,14.0,1,1
23065,14.0,2,2
72331R,14.0,1,1
22964,14.0,7,7
22402,14.0,3,3
90164B,14.0,1,1
85041,14.0,3,3
84509A,13.0,4,4
20749,13.0,10,10
22485,13.0,8,8
84576,13.0,2,2
35809A,13.0,1,1
84313C,13.0,2,2
22626,13.0,7,7
47591A,13.0,2,2
47585A,13.0,2,2
90013A,13.0,2,2
20910,13.0,2,2
71434B,13.0,2,2
23486,13.0,6,6
21295,13.0,1,1
47574B,13.0,1,1
20881,13.0,1,1
85213,13.0,2,2
90003C,13.0,3,3
22745,13.0,3,3
72751B,13.0,2,2
21223,13.0,1,1
22684,13.0,3,3
46138B,13.0,2,2
84762C,13.0,1,1
46000P,13.0,2,2
22805,13.0,2,2
23085,13.0,5,5
21821,13.0,2,2
23127,13.0,3,3
23184,13.0,4,4
79191D,13.0,2,2
90201B,13.0,3,3
22976,13.0,2,2
21145,13.0,2,2
37500,13.0,9,9
22310,13.0,2,2
22937,13.0,2,2
21087,13.0,2,2
85032D,13.0,2,2
22405,13.0,2,2
79301,13.0,5,5
78033,13.0,3,3
21794,13.0,5,5
23295,13.0,5,5
23294,13.0,4,4
35915A,13.0,1,1
84033,13.0,2,2
22889,13.0,1,1
23320,13.0,2,2
23313,13.0,2,2
79161A,13.0,1,1
84868A,13.0,1,1
23196,13.0,3,3
84849B,13.0,2,2
84869,13.0,1,1
84871,13.0,1,1
84868B,13.0,3,3
22340,13.0,2,2
22603,13.0,2,2
62096B,13.0,3,3
22252,13.0,2,2
23148,13.0,7,7
22716,12.0,1,1
85169A,12.0,1,1
85186A,12.0,1,1
22717,12.0,1,1
21993,12.0,1,1
22023,12.0,1,1
21990,12.0,1,1
21991,12.0,1,1
22026,12.0,1,1
23333,12.0,1,1
84199,12.0,1,1
22246,12.0,1,1
21252,12.0,1,1
22683,12.0,2,2
23413,12.0,1,1
22221,12.0,9,9
16156A,12.0,1,1
22681,12.0,3,3
90013D,12.0,1,1
90014A,12.0,1,1
23352,12.0,1,1
22827,12.0,5,5
21508,12.0,1,1
47013C,12.0,1,1
22443,12.0,5,5
72800E,12.0,1,1
16249B,12.0,1,1
22773,12.0,1,1
21036,12.0,1,1
84653,12.0,3,3
35823P,12.0,1,1
22133,12.0,1,1
21454,12.0,1,1
22504,12.0,8,8
21286,12.0,1,1
71265,12.0,1,1
84248F,12.0,1,1
22031,12.0,1,1
23497,12.0,1,1
20905,12.0,1,1
22615,12.0,1,1
23470,12.0,8,8
20734,12.0,3,3
21061,12.0,1,1
84414B,12.0,1,1
47583B,12.0,1,1
22134,12.0,1,1
22132,12.0,1,1
35651,12.0,1,1
21058,12.0,1,1
21675,12.0,1,1
35813A,12.0,1,1
90170,12.0,1,1
90125A,12.0,1,1
90174,12.0,2,2
70007,12.0,1,1
22526,12.0,8,8
21066,12.0,1,1
84449,12.0,1,1
23139,12.0,1,1
22256,12.0,1,1
21681,12.0,4,4
22403,12.0,2,2
20833,12.0,2,2
21373,12.0,1,1
20838,12.0,1,1
37489D,12.0,1,1
79066K,12.0,3,3
22075,12.0,1,1
84821,12.0,1,1
84896C,12.0,1,1
23161,12.0,1,1
23186,12.0,2,2
23106,12.0,1,1
22257,12.0,1,1
35265,12.0,1,1
23138,12.0,1,1
23140,12.0,1,1
84456,12.0,1,1
84881,12.0,2,2
22746,12.0,2,2
21720,12.0,1,1
23335,12.0,2,2
85169C,12.0,1,1
72349B,12.0,1,1
22664,12.0,3,3
16201B,12.0,1,1
84690,12.0,2,2
84832,12.0,1,1
85039B,12.0,1,1
22396,12.0,2,2
21091,12.0,1,1
44236,12.0,2,2
23266,12.0,1,1
85097B,12.0,5,5
20812,12.0,1,1
85032C,12.0,1,1
23213,12.0,1,1
72801H,12.0,1,1
22074,12.0,1,1
37477B,12.0,2,2
85045,12.0,4,4
21211,12.0,1,1
85079,12.0,1,1
23289,12.0,4,4
22410,12.0,1,1
21779,12.0,4,4
84767,12.0,1,1
22921,12.0,1,1
22917,12.0,1,1
22919,12.0,1,1
22918,12.0,1,1
22287,12.0,1,1
22911,12.0,4,4
22916,12.0,1,1
23315,12.0,1,1
90120A,12.0,1,1
84866,12.0,1,1
23223,12.0,1,1
23220,12.0,1,1
21400,12.0,1,1
72799A,11.0,1,1
85127,11.0,2,2
85128,11.0,1,1
90001C,11.0,1,1
85231B,11.0,1,1
22682,11.0,2,2
22678,11.0,2,2
47284V,11.0,1,1
21728,11.0,3,3
21262,11.0,5,5
72751A,11.0,1,1
84563B,11.0,1,1
21564,11.0,7,7
90080,11.0,1,1
20900,11.0,1,1
DCGS0067,11.0,1,1
10135,11.0,2,2
84415A,11.0,1,1
84394,11.0,1,1
90082B,11.0,1,1
90042C,11.0,1,1
84247K,11.0,1,1
84247H,11.0,1,1
22677,11.0,2,2
22676,11.0,2,2
84705B,11.0,1,1
90005B,11.0,1,1
20702,11.0,6,6
79053D,11.0,1,1
37489C,11.0,1,1
21421,11.0,2,2
37509,11.0,2,2
21765,11.0,3,3
21602,11.0,1,1
22066,11.0,4,4
21206,11.0,4,4
82595,11.0,1,1
23229,11.0,5,5
79172D,11.0,2,2
22200,11.0,6,6
37112,11.0,1,1
82001S,11.0,5,5
81985A,11.0,2,2
23149,11.0,2,2
20998,11.0,1,1
23080,11.0,7,7
84966B,11.0,1,1
21398,11.0,2,2
23145,11.0,2,2
21444,11.0,2,2
21443,11.0,3,3
84476A,11.0,1,1
84461,11.0,2,2
84448,11.0,1,1
21551,11.0,1,1
48184,11.0,5,5
90197D,11.0,1,1
90197C,11.0,1,1
48188,11.0,6,6
21308,10.0,2,2
84507C,10.0,3,3
20770,10.0,2,2
35995,10.0,1,1
23042,10.0,1,1
84858C,10.0,1,1
85026B,10.0,1,1
84875D,10.0,1,1
23092,10.0,9,9
84975,10.0,5,5
37445D,10.0,1,1
21186,10.0,1,1
21194,10.0,3,3
23020,10.0,7,7
78027,10.0,2,2
17090D,10.0,1,1
84789,10.0,6,6
22419,10.0,4,4
85059,10.0,4,4
21219,10.0,1,1
17012E,10.0,1,1
21419,10.0,1,1
84830,10.0,3,3
22311,10.0,4,4
21021,10.0,1,1
21022,10.0,1,1
21023,10.0,1,1
17013F,10.0,2,2
82616B,10.0,2,2
35963,10.0,1,1
20791,10.0,2,2
23291,10.0,3,3
23290,10.0,2,2
35935,10.0,1,1
22619,10.0,3,3
23583,10.0,1,1
35815B,10.0,1,1
DCGS0068,10.0,1,1
90210C,10.0,1,1
22613,10.0,1,1
90036E,10.0,1,1
22476,10.0,2,2
90003D,10.0,3,3
20963,10.0,1,1
21342,10.0,1,1
22750,10.0,3,3
22760,10.0,9,9
22003,10.0,1,1
72719,10.0,1,1
22685,10.0,1,1
90011A,10.0,1,1
21716,10.0,2,2
22441,10.0,5,5
47285B,10.0,1,1
22786,10.0,1,1
21657,10.0,4,4
22858,10.0,3,3
21738,10.0,2,2
22829,10.0,2,2
23434,10.0,1,1
90048,10.0,1,1
47563B,10.0,1,1
90042A,10.0,1,1
22679,10.0,1,1
21924,10.0,3,3
21410,9.0,3,3
22183,9.0,6,6
85062,9.0,5,5
82609,9.0,1,1
21769,9.0,5,5
22172,9.0,5,5
35911B,9.0,1,1
35930,9.0,1,1
23244,9.0,5,5
85031A,9.0,1,1
20990,9.0,2,2
21005,9.0,1,1
23130,9.0,2,2
21550,9.0,2,2
84874B,9.0,2,2
21064,9.0,3,3
48169,9.0,1,1
35004P,9.0,1,1
21822,9.0,3,3
21776,9.0,1,1
72806,9.0,1,1
21512,9.0,1,1
84803B,9.0,2,2
23255,9.0,3,3
23014,9.0,3,3
22785,9.0,1,1
90035A,9.0,1,1
84705A,9.0,2,2
16244B,9.0,2,2
84706C,9.0,1,1
21470,9.0,4,4
85184B,9.0,2,2
85183A,9.0,4,4
23356,9.0,2,2
21740,9.0,1,1
21758,9.0,1,1
72754C,9.0,1,1
21511,9.0,1,1
84775,9.0,1,1
84683,9.0,3,3
84627,9.0,2,2
90011D,9.0,1,1
90040A,9.0,2,2
20936,9.0,3,3
20942,9.0,2,2
20946,9.0,1,1
23487,9.0,6,6
90027D,9.0,1,1
90070,9.0,2,2
47595B,9.0,1,1
21576,9.0,3,3
84564,9.0,1,1
84596J,9.0,2,2
84415B,9.0,2,2
35591G,9.0,1,1
90209A,9.0,2,2
15044D,9.0,4,4
GIFT,9.0,1,1
90175A,8.0,2,2
84425A,8.0,2,2
84427B,8.0,2,2
DCGS0070,8.0,1,1
DCGS0059,8.0,1,1
15060A,8.0,1,1
21674,8.0,2,2
84845D,8.0,2,2
84856S,8.0,2,2
84845B,8.0,1,1
21756,8.0,4,4
72798A,8.0,1,1
85069,8.0,3,3
84846A,8.0,1,1
84886,8.0,2,2
90042B,8.0,1,1
20933,8.0,2,2
23183,8.0,3,3
90081A,8.0,1,1
21460,8.0,2,2
35004G,8.0,5,5
84725,8.0,1,1
35981C,8.0,1,1
21057,8.0,1,1
23377,8.0,1,1
22324,8.0,1,1
90000C,8.0,2,2
90001B,8.0,2,2
90014C,8.0,1,1
16132,8.0,1,1
23099,8.0,4,4
21406,8.0,1,1
21264,8.0,2,2
84933B,8.0,1,1
47569,8.0,2,2
90040B,8.0,1,1
35794,8.0,1,1
85170B,8.0,4,4
84344,8.0,1,1
85014A,8.0,2,2
84984C,8.0,1,1
22166,8.0,6,6
72750D,8.0,1,1
23012,8.0,5,5
85068,8.0,5,5
85023C,8.0,3,3
79071B,8.0,2,2
22175,8.0,3,3
21760,8.0,5,5
21759,8.0,1,1
84030C,8.0,2,2
21411,8.0,3,3
23328,8.0,5,5
23327,8.0,2,2
23299,8.0,2,2
90214L,8.0,2,2
90187A,8.0,1,1
84472,8.0,5,5
20848,8.0,1,1
35824B,8.0,1,1
21524,7.0,4,4
C2,7.0,7,7
DCGS0003,7.0,1,1
23345,7.0,2,2
47583A,7.0,3,3
37348,7.0,4,4
84898E,7.0,1,1
20707,7.0,3,3
84857A,7.0,2,2
21111,7.0,2,2
84867B,7.0,1,1
21065,7.0,2,2
21089,7.0,1,1
20782,7.0,2,2
16239,7.0,1,1
22763,7.0,4,4
22788,7.0,5,5
22372,7.0,3,3
84942,7.0,1,1
84967C,7.0,2,2
72671B,7.0,1,1
81953P,7.0,1,1
47559,7.0,1,1
21055,7.0,2,2
20767,7.0,2,2
47562,7.0,3,3
20776,7.0,1,1
90035B,7.0,2,2
47581B,7.0,3,3
90000B,7.0,2,2
84906,7.0,2,2
23128,7.0,2,2
21053,7.0,2,2
90160A,7.0,1,1
48197,7.0,1,1
84507B,7.0,4,4
22612,7.0,2,2
90143,7.0,2,2
22266,7.0,2,2
90049,7.0,1,1
37409,7.0,1,1
23015,7.0,3,3
85018A,7.0,2,2
23409,7.0,2,2
22062,7.0,2,2
20953,7.0,1,1
21772,7.0,1,1
84674,7.0,3,3
84687,7.0,5,5
37491B,7.0,1,1
23527,7.0,2,2
23534,7.0,2,1
35644,7.0,2,2
22770,7.0,6,6
85170D,7.0,4,4
72753C,7.0,2,2
85207B,7.0,1,1
21710,7.0,3,2
47341A,7.0,2,2
23008,7.0,4,4
21510,7.0,1,1
22825,7.0,4,4
84619,7.0,2,2
21761,7.0,3,3
72821,7.0,3,3
22899,7.0,5,5
23425,7.0,3,3
72801F,7.0,1,1
22832,7.0,5,5
85165,7.0,2,2
20795,7.0,3,3
16010,7.0,1,1
90214G,7.0,2,2
21304,7.0,1,1
21923,7.0,3,3
21083,7.0,1,1
23283,7.0,2,2
23241,7.0,5,5
90202C,6.0,1,1
90202B,6.0,1,1
90202A,6.0,1,1
20781,6.0,3,3
23330,6.0,1,1
23227,6.0,2,2
84820,6.0,2,2
90214E,6.0,1,1
90199B,6.0,1,1
90183A,6.0,1,1
90182C,6.0,1,1
90177E,6.0,1,1
90177D,6.0,1,1
90177C,6.0,1,1
90177A,6.0,1,1
84465,6.0,1,1
90202D,6.0,1,1
23493,6.0,3,3
44091C,6.0,1,1
22864,6.0,1,1
22912,6.0,2,2
23426,6.0,1,1
85083,6.0,1,1
85168A,6.0,1,1
21236,6.0,1,1
72799E,6.0,1,1
72768,6.0,1,1
17001,6.0,2,2
85124B,6.0,1,1
22447,6.0,1,1
22446,6.0,1,1
22853,6.0,1,1
22928,6.0,4,4
22416,6.0,1,1
20831,6.0,1,1
79051A,6.0,1,1
79003B,6.0,1,1
22394,6.0,1,1
21176,6.0,1,1
23542,6.0,3,3
23525,6.0,1,1
23524,6.0,1,1
23523,6.0,1,1
23518,6.0,1,1
84371,6.0,1,1
22981,6.0,2,2
23013,6.0,3,3
23007,6.0,3,3
23039,6.0,1,1
23034,6.0,1,1
23025,6.0,1,1
37462E,6.0,1,1
23407,6.0,4,4
20894,6.0,3,3
21462,6.0,6,6
22448,6.0,1,1
22751,6.0,2,2
22747,6.0,1,1
22743,6.0,1,1
85185F,6.0,1,1
84706A,6.0,1,1
84705D,6.0,1,1
23081,6.0,3,3
23074,6.0,1,1
21120,6.0,1,1
23123,6.0,2,2
84927F,6.0,2,2
81953B,6.0,1,1
79340W,6.0,5,5
90010A,6.0,1,1
20955,6.0,1,1
72728,6.0,1,1
22475,6.0,1,1
21350,6.0,2,2
22690,6.0,4,4
85226C,6.0,1,1
23514,6.0,1,1
23513,6.0,1,1
21949,6.0,1,1
20771,6.0,1,1
72140D,6.0,1,1
22660,6.0,1,1
90025A,6.0,2,2
21930,6.0,6,6
21580,6.0,1,1
23597,6.0,1,1
84706D,6.0,2,2
21992,6.0,1,1
79315W,6.0,1,1
23160,6.0,2,2
84904,6.0,1,1
22119,6.0,4,4
90059F,6.0,1,1
90059E,6.0,1,1
90059D,6.0,1,1
90059C,6.0,1,1
90059B,6.0,1,1
90059A,6.0,1,1
22496,6.0,3,3
22495,6.0,1,1
84723,6.0,2,2
23368,6.0,2,2
23346,6.0,1,1
23338,6.0,1,1
84864A,6.0,2,2
84857B,6.0,2,2
35926,6.0,1,1
35974,6.0,1,1
90169,6.0,1,1
90168,6.0,1,1
90139,6.0,1,1
90118,6.0,1,1
90101,6.0,1,1
90098,6.0,1,1
22598,6.0,1,1
90201C,6.0,1,1
90214J,6.0,1,1
90214I,6.0,1,1
90214C,6.0,1,1
90214A,6.0,1,1
90208,6.0,1,1
90214S,6.0,1,1
90214P,6.0,1,1
DCGS0057,6.0,1,1
35599D,6.0,1,1
21523,6.0,4,4
TEST001,5.0,4,4
DCGS0069,5.0,1,1
37502,5.0,2,2
84666,5.0,1,1
23423,5.0,3,3
84824,5.0,2,2
84838,5.0,1,1
35001C,5.0,2,2
90062,5.0,4,4
90060B,5.0,2,2
90060C,5.0,2,2
45008L,5.0,1,1
44265,5.0,1,1
37490C,5.0,1,1
82069,5.0,1,1
22914,5.0,4,4
82095,5.0,1,1
21685,5.0,2,2
20765,5.0,2,2
21104,5.0,1,1
22315,5.0,2,2
37483,5.0,2,2
22794,5.0,4,4
17011D,5.0,2,2
84562B,5.0,1,1
84924D,5.0,1,1
18097B,5.0,1,1
84933D,5.0,2,2
21344,5.0,2,2
85173,5.0,1,1
20884,5.0,1,1
22472,5.0,3,3
72620A,5.0,1,1
23511,5.0,1,1
22222,5.0,3,3
84905,5.0,2,2
90011E,5.0,1,1
84897A,5.0,1,1
23178,5.0,3,3
90022,5.0,2,2
16155H,5.0,1,1
90012B,5.0,1,1
90013E,5.0,1,1
23595,5.0,1,1
23565,5.0,2,2
22188,5.0,3,3
22852,5.0,2,2
84228,5.0,2,2
37326,5.0,1,1
84708B,5.0,1,1
21408,5.0,3,3
23314,5.0,2,2
21081,5.0,1,1
35654,5.0,1,1
84327A,5.0,2,2
21461,5.0,3,3
84967B,5.0,4,4
21467,5.0,5,5
84964A,5.0,2,2
84966C,5.0,1,1
84593,5.0,1,1
15044C,5.0,4,4
79190D,5.0,1,1
21339,5.0,2,2
10124C,5.0,1,1
84006,5.0,2,2
21012,5.0,2,2
22374,5.0,4,4
79303B,5.0,1,1
79303A,5.0,1,1
23415,5.0,1,1
23460,5.0,4,4
23458,5.0,4,4
46037A,5.0,1,1
72800F,5.0,1,1
20844,4.0,1,1
21170,4.0,1,1
21494,4.0,2,2
23273,4.0,4,4
90147,4.0,2,2
84395,4.0,1,1
84819,4.0,2,2
22314,4.0,2,2
84823,4.0,2,2
23427,4.0,3,3
44276,4.0,1,1
22500,4.0,1,1
17014D,4.0,1,1
85088,4.0,2,2
44091A,4.0,2,2
21764,4.0,2,2
84288B,4.0,2,2
85025B,4.0,3,3
22515,4.0,3,3
22611,4.0,2,2
20764,4.0,1,1
35442,4.0,1,1
82081,4.0,1,1
82039C,4.0,1,1
82545A,4.0,1,1
22913,4.0,2,2
21538,4.0,3,3
37491D,4.0,1,1
DCGS0073,4.0,1,1
90204,4.0,1,1
90201A,4.0,1,1
47554,4.0,1,1
20704,4.0,1,1
20747,4.0,3,3
84873B,4.0,1,1
37438,4.0,1,1
22261,4.0,1,1
22249,4.0,1,1
22250,4.0,1,1
20766,4.0,1,1
47563A,4.0,1,1
23181,4.0,4,4
17007B,4.0,1,1
21245,4.0,1,1
22110,4.0,2,2
22108,4.0,1,1
21909,4.0,1,1
79413,4.0,1,1
23396,4.0,1,1
84707B,4.0,1,1
90024A,4.0,1,1
16207B,4.0,1,1
84582,4.0,2,2
20954,4.0,2,2
21473,4.0,3,3
84891B,4.0,1,1
23132,4.0,3,3
23153,4.0,1,1
21277,4.0,4,4
90003E,4.0,1,1
90010E,4.0,1,1
22671,4.0,3,3
84509B,4.0,1,1
22185,4.0,4,4
21628,4.0,3,3
22182,4.0,3,3
21913,4.0,3,3
21630,4.0,4,4
23566,4.0,1,1
21063,4.0,1,1
72348B,4.0,1,1
47504H,4.0,1,1
20761,4.0,1,1
84580,4.0,1,1
22764,4.0,3,3
23414,4.0,1,1
23461,4.0,1,1
23469,4.0,2,2
20763,4.0,1,1
20762,4.0,1,1
16192,4.0,1,1
72771C,4.0,1,1
21708,4.0,2,2
85148,4.0,1,1
72796C,4.0,1,1
22826,4.0,4,4
84562A,4.0,2,2
23536,4.0,1,1
21471,4.0,3,3
17178,4.0,1,1
84972L,4.0,1,1
84968C,4.0,2,2
85185C,4.0,1,1
35960,4.0,1,1
DCGS0056,4.0,1,1
10109,4.0,1,1
48195,4.0,2,2
21525,4.0,2,2
51012C,4.0,3,3
21775,4.0,2,2
21315,4.0,1,1
22559,4.0,1,1
21015,4.0,1,1
90195B,4.0,1,1
90200A,4.0,2,2
90200B,4.0,2,2
90184B,3.0,2,2
84081,3.0,2,2
82616C,3.0,1,1
20785,3.0,2,2
84810C,3.0,1,1
20690,3.0,1,1
21317,3.0,3,3
22563,3.0,2,2
84460A,3.0,1,1
20779,3.0,2,2
21338,3.0,1,1
15044A,3.0,2,2
21666,3.0,2,2
DCGS0066P,3.0,1,1
DOT,3.0,3,3
21737,3.0,1,1
21732,3.0,2,2
23403,3.0,3,3
23401,3.0,3,3
84705F,3.0,1,1
21722,3.0,2,2
85179A,3.0,1,1
21654,3.0,1,1
22365,3.0,2,2
84967A,3.0,2,2
23061,3.0,1,1
84964B,3.0,2,2
84952B,3.0,1,1
16248A,3.0,1,1
22761,3.0,2,2
23459,3.0,2,2
84600,3.0,3,3
84938,3.0,1,1
21129,3.0,2,2
23093,3.0,2,2
18098B,3.0,1,1
18096B,3.0,1,1
84931B,3.0,1,1
23122,3.0,2,2
85145,3.0,1,1
23016,3.0,1,1
23010,3.0,2,2
22999,3.0,2,2
21806,3.0,1,1
23049,3.0,2,2
21227,3.0,1,1
79331,3.0,1,1
22471,3.0,2,2
16200A,3.0,1,1
21561,3.0,3,3
79315B,3.0,1,1
84750C,3.0,1,1
47552A,3.0,2,2
20970,3.0,2,2
72484,3.0,1,1
90026D,3.0,1,1
84629,3.0,2,2
84626,3.0,1,1
84247D,3.0,1,1
35822P,3.0,1,1
84218,3.0,2,2
84621,3.0,2,2
23490,3.0,1,1
85105,3.0,1,1
90040C,3.0,1,1
21032,3.0,1,1
22259,3.0,1,1
23192,3.0,2,2
23191,3.0,2,2
23329,3.0,1,1
23323,3.0,3,3
20902,3.0,1,1
22137,3.0,2,2
71101E,3.0,1,1
70037L,3.0,1,1
79070B,3.0,1,1
85093,3.0,1,1
75132,3.0,1,1
22216,3.0,1,1
22540,3.0,2,2
22516,3.0,1,1
22267,3.0,1,1
21418,3.0,1,1
21853,3.0,1,1
23274,3.0,3,3
35473,3.0,1,1
90121B,3.0,1,1
21331,3.0,2,2
84659A,3.0,3,3
22929,3.0,2,2
85043,3.0,3,3
85039A,3.0,2,2
20850,3.0,1,1
20849,3.0,1,1
22934,3.0,1,1
72805,3.0,2,2
DCGS0060,3.0,1,1
90200D,3.0,1,1
DCGS0071,2.0,1,1
84800S,2.0,1,1
23253,2.0,2,2
90175B,2.0,1,1
22581,2.0,1,1
21972,2.0,2,2
84424A,2.0,2,2
85051,2.0,1,1
85039C,2.0,2,2
79057B,2.0,1,1
78056,2.0,2,2
23454,2.0,1,1
23437,2.0,1,1
23428,2.0,1,1
85077,2.0,1,1
85071B,2.0,1,1
85070,2.0,2,2
35597D,2.0,1,1
84825,2.0,1,1
23285,2.0,1,1
23280,2.0,1,1
21601,2.0,1,1
35471D,2.0,2,2
90146,2.0,1,1
22877,2.0,2,2
72809,2.0,1,1
37504,2.0,1,1
84672A,2.0,1,1
84671B,2.0,1,1
84656,2.0,2,2
23456,2.0,1,1
22414,2.0,2,2
22592,2.0,2,2
21325,2.0,1,1
22547,2.0,1,1
21520,2.0,1,1
21854,2.0,1,1
22514,2.0,2,2
79082C,2.0,1,1
79065B,2.0,1,1
37488A,2.0,2,2
37468,2.0,1,1
84699,2.0,1,1
44234,2.0,1,1
21766,2.0,1,1
22282,2.0,2,2
22277,2.0,2,2
23190,2.0,2,2
84762B,2.0,1,1
84845A,2.0,1,1
84843,2.0,2,2
35232,2.0,1,1
35001B,2.0,1,1
84227,2.0,1,1
21183,2.0,1,1
85018B,2.0,1,1
17107D,2.0,1,1
21633,2.0,2,2
44266F,2.0,1,1
22118,2.0,2,2
20901,2.0,1,1
71403,2.0,1,1
21301,2.0,1,1
21293,2.0,1,1
90060D,2.0,1,1
90050,2.0,1,1
90046,2.0,1,1
72798B,2.0,1,1
21753,2.0,1,1
85114B,2.0,1,1
84642,2.0,1,1
21920,2.0,1,1
22201,2.0,2,2
37432,2.0,1,1
47567,2.0,2,2
84529B,2.0,1,1
84510B,2.0,1,1
84752B,2.0,1,1
23332,2.0,1,1
90024B,2.0,1,1
21944,2.0,1,1
23574,2.0,2,2
23569,2.0,1,1
16065A,2.0,1,1
23389,2.0,1,1
79303D,2.0,2,2
17017,2.0,1,1
22375,2.0,2,2
84984B,2.0,1,1
84984A,2.0,1,1
23024,2.0,1,1
23023,2.0,1,1
22828,2.0,1,1
72800B,2.0,1,1
84914A,2.0,1,1
23142,2.0,2,2
21273,2.0,1,1
21268,2.0,1,1
21476,2.0,2,2
21475,2.0,2,2
46115B,2.0,1,1
72753A,2.0,1,1
85171,2.0,1,1
84341A,2.0,1,1
22822,2.0,2,2
22820,2.0,1,1
79340P,2.0,2,2
21905,2.0,2,2
21048,2.0,1,1
90002D,2.0,1,1
22478,2.0,2,2
22702,2.0,2,2
23508,2.0,1,1
23503,2.0,2,2
23541,2.0,1,1
22765,2.0,2,2
47013A,2.0,1,1
17164B,2.0,1,1
22053,2.0,2,2
37451,2.0,2,2
84585L,2.0,1,1
23094,2.0,2,2
84933A,2.0,1,1
18033,2.0,1,1
84558B,2.0,1,1
22723,2.0,2,2
21468,2.0,2,2
22350,2.0,2,2
84965B,2.0,2,2
84965A,2.0,1,1
84963A,2.0,1,1
84962,2.0,1,1
21465,2.0,1,1
21263,2.0,1,1
16245B,2.0,1,1
16222B,2.0,1,1
22742,2.0,1,1
84705E,2.0,1,1
23051,2.0,2,2
21725,2.0,1,1
21721,2.0,1,1
70006,2.0,2,2
62043B,2.0,2,2
51020A,2.0,1,1
90197A,2.0,1,1
90176C,2.0,2,2
85056,2.0,1,1
48173A,2.0,1,1
84388,2.0,2,2
DCGS0053,2.0,1,1
DCGS0004,2.0,1,1
90211B,2.0,1,1
DCGS0016,1.0,1,1
DCGS0027,1.0,1,1
DCGS0006,1.0,1,1
DCGS0039,1.0,1,1
DCGS0055,1.0,1,1
22549,1.0,1,1
DCGS0074,1.0,1,1
DCGSSGIRL,1.0,1,1
PADS,1.0,1,1
21774,1.0,1,1
21047,1.0,1,1
90176A,1.0,1,1
90176D,1.0,1,1
90179C,1.0,1,1
90199A,1.0,1,1
90199C,1.0,1,1
DCGS0062,1.0,1,1
DCGS0036,1.0,1,1
DCGS0037,1.0,1,1
62097A,1.0,1,1
DCGS0072,1.0,1,1
84595E,1.0,1,1
20720,1.0,1,1
84292,1.0,1,1
35652,1.0,1,1
22789,1.0,1,1
23052,1.0,1,1
23053,1.0,1,1
23054,1.0,1,1
84972M,1.0,1,1
84974,1.0,1,1
17120,1.0,1,1
22749,1.0,1,1
21345,1.0,1,1
21346,1.0,1,1
20957,1.0,1,1
23073,1.0,1,1
21816,1.0,1,1
23050,1.0,1,1
47340A,1.0,1,1
47367B,1.0,1,1
47503F,1.0,1,1
21945,1.0,1,1
84567,1.0,1,1
84926B,1.0,1,1
18094A,1.0,1,1
23100,1.0,1,1
84572,1.0,1,1
46776D,1.0,1,1
23405,1.0,1,1
23410,1.0,1,1
23411,1.0,1,1
23419,1.0,1,1
23370,1.0,1,1
23375,1.0,1,1
79302C,1.0,1,1
79302J,1.0,1,1
23535,1.0,1,1
21356,1.0,1,1
22477,1.0,1,1
23390,1.0,1,1
23398,1.0,1,1
21052,1.0,1,1
22223,1.0,1,1
79333,1.0,1,1
79532,1.0,1,1
22811,1.0,1,1
22813,1.0,1,1
85163B,1.0,1,1
85169D,1.0,1,1
84596K,1.0,1,1
23466,1.0,1,1
85170C,1.0,1,1
85177,1.0,1,1
72748,1.0,1,1
46775A,1.0,1,1
81950V,1.0,1,1
22115,1.0,1,1
22117,1.0,1,1
23150,1.0,1,1
22316,1.0,1,1
22321,1.0,1,1
21835,1.0,1,1
23129,1.0,1,1
23133,1.0,1,1
84913B,1.0,1,1
22830,1.0,1,1
22833,1.0,1,1
22799,1.0,1,1
23017,1.0,1,1
21795,1.0,1,1
21802,1.0,1,1
21805,1.0,1,1
21358,1.0,1,1
79308B,1.0,1,1
90013C,1.0,1,1
90014B,1.0,1,1
16131,1.0,1,1
90018A,1.0,1,1
23544,1.0,1,1
23556,1.0,1,1
23567,1.0,1,1
23568,1.0,1,1
72045A,1.0,1,1
72140E,1.0,1,1
23342,1.0,1,1
84709B,1.0,1,1
20705,1.0,1,1
84753A,1.0,1,1
23164,1.0,1,1
23180,1.0,1,1
23185,1.0,1,1
23189,1.0,1,1
22247,1.0,1,1
35637A,1.0,1,1
84519B,1.0,1,1
84526,1.0,1,1
21115,1.0,1,1
21119,1.0,1,1
37441,1.0,1,1
37445A,1.0,1,1
35991,1.0,1,1
22190,1.0,1,1
84870B,1.0,1,1
84874A,1.0,1,1
84884A,1.0,1,1
90029,1.0,1,1
47592B,1.0,1,1
21919,1.0,1,1
21555,1.0,1,1
21557,1.0,1,1
84632,1.0,1,1
84648,1.0,1,1
16258A,1.0,1,1
21739,1.0,1,1
21741,1.0,1,1
21750,1.0,1,1
22824,1.0,1,1
72755A,1.0,1,1
71495A,1.0,1,1
90064B,1.0,1,1
90066A,1.0,1,1
90076,1.0,1,1
21456,1.0,1,1
22122,1.0,1,1
90091,1.0,1,1
90097,1.0,1,1
21629,1.0,1,1
23491,1.0,1,1
85018C,1.0,1,1
22954,1.0,1,1
22975,1.0,1,1
22977,1.0,1,1
85023A,1.0,1,1
85024C,1.0,1,1
35817B,1.0,1,1
35818C,1.0,1,1
23630,1.0,1,1
35001P,1.0,1,1
23312,1.0,1,1
23316,1.0,1,1
21594,1.0,1,1
20780,1.0,1,1
35233,1.0,1,1
22511,1.0,1,1
22885,1.0,1,1
21767,1.0,1,1
40046C,1.0,1,1
84248E,1.0,1,1
84673A,1.0,1,1
84673B,1.0,1,1
84679,1.0,1,1
79065A,1.0,1,1
85031C,1.0,1,1
21695,1.0,1,1
22546,1.0,1,1
21855,1.0,1,1
21857,1.0,1,1
21862,1.0,1,1
21863,1.0,1,1
82011A,1.0,1,1
21031,1.0,1,1
82093,1.0,1,1
82096,1.0,1,1
22420,1.0,1,1
37492C,1.0,1,1
37506,1.0,1,1
85094,1.0,1,1
22869,1.0,1,1
22878,1.0,1,1
22882,1.0,1,1
22883,1.0,1,1
22594,1.0,1,1
90148,1.0,1,1
90160D,1.0,1,1
90162B,1.0,1,1
90166,1.0,1,1
35596,1.0,1,1
21883,1.0,1,1
84813,1.0,1,1
35598D,1.0,1,1
85057,1.0,1,1
23424,1.0,1,1
23444,1.0,1,1
23452,1.0,1,1
20847,1.0,1,1
79064C,1.0,1,1
84437A,1.0,1,1
22565,1.0,1,1
21310,1.0,1,1
22539,1.0,1,1
35961,1.0,1,1
35967,1.0,1,1
35921,1.0,1,1
82576,1.0,1,1
23264,1.0,1,1
84086B,1.0,1,1
90214K,1.0,1,1
gift_0001_80,1.0,1,1
