StockCode,quantity,revenue,rows
POST,5239,122783.13,1805
DOT,1386,287752.75,1386
15056BL,8406,42922.82,839
M,8816,338793.72000000003,837
C2,266,13326.0,265
79323LP,1351,7982.97,158
18098c,283,1433.08,130
15056n,173,2170.4,116
47566b,212,1761.2599999999998,113
72349b,186,773.73,106
85123a,492,3284.8999999999996,95
84970s,363,763.24,94
84997b,504,4239.67,84
15056bl,110,1381.02,84
82494l,361,3015.0,82
84997d,363,3031.06,80
79323GR,518,3107.7400000000002,78
84997a,173,1440.33,78
84997c,339,2842.81,76
47591d,253,1274.3799999999999,72
84509a,102,762.68,71
84970l,229,478.82,62
72801d,96,237.76,58
84510a,75,185.7,58
85049e,256,853.77,56
84873a,84,928.3199999999999,55
85049g,106,259.3,49
84030e,116,942.8800000000001,47
85049a,398,1332.8,46
85039a,63,209.16,43
47559b,151,501.59,42
84509c,62,467.64,41
84989a,74,150.57,41
84872a,52,568.91,40
84559a,57,95.69999999999999,40
72807c,54,460.08000000000004,40
85114c,176,582.75,39
15056p,45,565.38,37
48173c,68,1095.81,36
ADJUST,36,8897.929999999998,36
72801c,60,148.75,35
84510c,53,131.48,33
BANK CHARGES,33,504.241,33
85040a,50,166.32,33
85014b,37,465.96000000000004,33
84884a,45,377.73,33
84993a,49,41.05,29
DCGS0058,40,33.160000000000004,28
85014a,33,416.12,28
84660c,31,233.98,28
72351a,37,154.89,28
gift_0001_20,28,471.06,26
82001s,108,806.16,25
85099b,419,2111.64,25
85099f,201,1016.3599999999999,25
84559b,32,53.54,25
gift_0001_30,24,610.09,24
35004c,26,330.72,24
DCGSSGIRL,92,295.63,23
85232b,25,254.47,22
DCGSSBOY,77,251.35,21
84796a,28,234.28,20
72807b,26,220.94000000000003,19
84596e,27,67.77,17
84795b,19,317.71999999999997,17
85114a,56,185.64000000000001,17
PADS,17,0.017,17
84797a,17,187.57999999999998,16
79066k,26,42.71,16
84558a,18,107.3,16
84797b,18,198.84,16
85114b,45,149.73000000000002,16
DCGS0003,13,32.589999999999996,13
84993b,20,16.99,13
DCGS0076,16,259.48,13
gift_0001_10,14,117.88,13
84596f,18,44.43,13
82613c,13,32.48,12
84968e,15,379.16999999999996,12
84536a,25,19.970000000000002,12
82613b,14,35.04,11
84520b,110,257.4,10
35809a,10,41.54,10
85099c,17,85.17,10
85132b,10,95.83999999999999,10
47590b,13,140.5,10
TEST001,50,225.0,9
85124a,10,50.599999999999994,9
85132a,9,113.42999999999999,9
84985a,10,29.8,8
47570b,8,169.4,8
47518f,8,33.45,8
84596b,10,25.099999999999998,8
84030c,24,185.76,8
84510e,14,35.089999999999996,6
72807a,9,74.78999999999999,6
gift_0001_50,6,253.59,6
85231g,6,9.78,6
85184c,6,35.35,6
85035b,6,50.82000000000001,6
84660b,7,53.18,6
84989b,10,12.8,6
84660a,7,52.699999999999996,5
gift_0001_40,5,166.09,5
84986b,6,17.88,5
D,196,397.89,5
15060b,5,41.81,5
m,5,15.049999999999999,5
DCGS0069,5,80.31,5
85231b,4,6.58,4
84968d,4,100.37,4
84951b,5,25.409999999999997,4
85132c,4,46.099999999999994,4
47556b,4,23.64,4
84968a,6,150.82,4
72801e,7,17.57,4
79302m,4,23.77,4
84509b,5,37.3,4
84536b,8,6.48,4
84534b,5,8.3,4
18096c,6,30.799999999999997,4
72802a,9,74.97,4
DCGS0072,4,20.68,3
85049b,4,9.94,3
85034a,3,24.869999999999997,3
85040b,7,23.519999999999996,3
S,3,136.85,3
ADJUST2,3,731.0500000000001,3
85160a,8,129.04,3
AMAZONFEE,3,20467.8,3
DCGS0004,3,50.59,3
85035a,3,25.410000000000004,3
37494a,4,24.16,3
47591b,7,29.47,3
82613a,3,7.4799999999999995,3
47591c,4,16.84,3
47567b,3,38.72,3
72801g,10,25.099999999999998,3
84971s,6,9.959999999999999,3
84509g,2,14.92,2
84596j,2,5.02,2
84968f,2,50.98,2
84968b,2,50.98,2
84661a,2,10.02,2
84661c,2,10.12,2
84596g,5,12.399999999999999,2
84406b,2,13.82,2
DCGS0066N,2,17.3,2
85179a,2,11.780000000000001,2
85124b,2,10.23,2
85124c,3,15.18,2
DCGS0070,2,25.44,2
85036b,2,16.94,2
85035c,2,16.94,2
SP1002,5,14.75,2
85232a,2,20.34,2
85049d,2,4.92,2
84031b,1,16.63,1
84510b,1,2.15,1
84030b,1,8.46,1
84031a,1,16.63,1
84509e,2,15.24,1
84029c,1,7.78,1
46776b,1,4.13,1
35004p,1,12.72,1
37482b,1,17.35,1
37482p,1,17.35,1
46776f,7,28.91,1
46776a,5,20.65,1
46776e,1,4.13,1
47590a,1,11.02,1
51014c,1,0.83,1
47593a,1,2.51,1
47593b,6,4.9799999999999995,1
47594a,1,4.21,1
72803b,1,8.47,1
72802c,1,8.29,1
79051a,1,6.04,1
79342b,1,13.57,1
84559d,2,3.38,1
85049c,1,2.46,1
85036a,2,16.58,1
85034b,1,8.29,1
84985b,1,2.98,1
85039b,4,13.44,1
84912a,2,15.56,1
84971l,2,4.92,1
84867a,1,13.57,1
84796b,1,8.47,1
84705b,1,3.43,1
84661b,1,4.96,1
84596l,1,2.46,1
84867b,2,27.14,1
85123b,1,6.04,1
85160b,1,16.13,1
B,1,11062.06,1
90184c,1,9.15,1
85232d,1,10.17,1
90183c,1,2.9,1
85231e,1,1.66,1
85184d,1,5.91,1
85159b,1,13.0,1
DCGS0037,1,12.72,1
DCGS0075,1,12.72,1
DCGS0068,1,8.47,1
DCGS0044,1,2.57,1
DCGS0062,1,2.51,1
DCGS0041,1,5.06,1
TEST002,1,1.0,1
gift_0001_70,1,59.57,1
gift_0001_80,1,69.56,1
